INSERT INTO countries (id, name, ranking, group_name) VALUES
(1, N'ブラジル', 3, 'A'),
(2, N'メキシコ', 20, 'A'),
(3, N'カメルーン', 56, 'A'),
(4, N'クロアチア', 18, 'A'),
(5, N'スペイン', 1, 'B'),
(6, N'オランダ', 15, 'B'),
(7, N'チリ', 14, 'B'),
(8, N'オーストラリア', 62, 'B'),
(9, N'コロンビア', 8, 'C'),
(10, N'ギリシャ', 12, 'C'),
(11, N'コートジボワール', 23, 'C'),
(12, N'日本', 46, 'C'),
(13, N'ウルグアイ', 7, 'D'),
(14, N'コスタリカ', 28, 'D'),
(15, N'イングランド', 10, 'D'),
(16, N'イタリア', 9, 'D'),
(17, N'スイス', 6, 'E'),
(18, N'エクアドル', 26, 'E'),
(19, N'フランス', 17, 'E'),
(20, N'ホンジュラス', 33, 'E'),
(21, N'アルゼンチン', 5, 'F'),
(22, N'ボスニア・ヘルツェゴビナ', 21, 'F'),
(23, N'イラン', 43, 'F'),
(24, N'ナイジェリア', 44, 'F'),
(25, N'ドイツ', 2, 'G'),
(26, N'ポルトガル', 4, 'G'),
(27, N'ガーナ', 37, 'G'),
(28, N'米国', 13, 'G'),
(29, N'ベルギー', 11, 'H'),
(30, N'アルジェリア', 22, 'H'),
(31, N'ロシア', 19, 'H'),
(32, N'韓国', 57, 'H');

INSERT INTO goals (id, pairing_id, player_id, goal_time) VALUES
(1, 122, 8, N'前半7分'),
(2, 122, 8, N'前半7分'),
(3, 113, 10, N'前半18分'),
(4, 99, 12, N'後半39分'),
(5, 1, 18, N'後半46分'),
(6, 125, 18, N'後半45分'),
(7, 99, 19, N'後半4分'),
(8, 1, 22, N'前半29分'),
(9, 1, 22, N'後半26分'),
(10, 99, 22, N'前半17分'),
(11, 99, 22, N'前半35分'),
(12, 100, 27, N'後半27分'),
(13, 100, 31, N'後半30分'),
(14, 2, 42, N'後半16分'),
(15, 100, 43, N'後半37分'),
(16, 51, 44, N'後半3分'),
(17, 131, 44, N'後半3分'),
(18, 35, 63, N'前半26分'),
(19, 36, 84, N'後半42分'),
(20, 84, 84, N'後半3分'),
(21, 84, 88, N'前半11分'),
(22, 84, 91, N'後半16分'),
(23, 84, 91, N'後半28分'),
(24, 3, 103, N'前半27分'),
(25, 97, 110, N'前半36分'),
(26, 97, 111, N'後半24分'),
(27, 97, 114, N'後半37分'),
(28, 4, 124, N'前半14分'),
(29, 83, 130, N'前半43分'),
(30, 4, 135, N'後半47分'),
(31, 4, 137, N'前半12分'),
(32, 49, 137, N'前半32分'),
(33, 129, 137, N'前半32分'),
(34, 83, 138, N'前半20分'),
(35, 18, 150, N'後半9分'),
(36, 18, 158, N'前半21分'),
(37, 68, 158, N'前半35分'),
(38, 63, 168, N'前半17分'),
(39, 143, 168, N'前半17分'),
(40, 67, 170, N'後半20分'),
(41, 115, 173, N'後半43分'),
(42, 67, 175, N'後半8分'),
(43, 67, 175, N'後半35分'),
(44, 82, 175, N'前半20分'),
(45, 34, 177, N'後半32分'),
(46, 63, 179, N'後半46分'),
(47, 143, 179, N'後半46分'),
(48, 63, 181, N'前半3分'),
(49, 67, 181, N'前半44分'),
(50, 67, 181, N'後半27分'),
(51, 82, 181, N'後半13分'),
(52, 143, 181, N'前半3分'),
(53, 115, 182, N'後半49分'),
(54, 34, 183, N'後半47分'),
(55, 82, 183, N'後半23分'),
(56, 5, 192, N'前半5分'),
(57, 103, 198, N'前半17分'),
(58, 5, 201, N'後半48分'),
(59, 21, 201, N'後半19分'),
(60, 58, 201, N'後半35分'),
(61, 103, 201, N'後半45分'),
(62, 114, 201, N'前半28分'),
(63, 114, 201, N'後半5分'),
(64, 138, 201, N'後半35分'),
(65, 21, 202, N'後半25分'),
(66, 5, 203, N'後半13分'),
(67, 103, 206, N'後半10分'),
(68, 103, 206, N'後半37分'),
(69, 52, 217, N'後半46分'),
(70, 132, 217, N'後半46分'),
(71, 40, 228, N'前半42分'),
(72, 40, 228, N'後半48分'),
(73, 8, 250, N'後半21分'),
(74, 85, 250, N'後半28分'),
(75, 8, 251, N'後半19分'),
(76, 104, 251, N'後半29分'),
(77, 71, 269, N'前半35分'),
(78, 71, 275, N'後半5分'),
(79, 70, 286, N'後半12分'),
(80, 88, 297, N'前半44分'),
(81, 116, 297, N'後半7分'),
(82, 70, 298, N'後半39分'),
(83, 70, 299, N'後半9分'),
(84, 101, 306, N'後半36分'),
(85, 22, 320, N'前半39分'),
(86, 22, 320, N'後半40分'),
(87, 6, 321, N'前半24分'),
(88, 86, 343, N'後半30分'),
(89, 7, 344, N'前半37分'),
(90, 73, 367, N'前半22分'),
(91, 90, 367, N'前半34分'),
(92, 90, 367, N'後半20分'),
(93, 26, 389, N'前半31分'),
(94, 25, 406, N'後半36分'),
(95, 107, 408, N'前半6分'),
(96, 107, 408, N'前半31分'),
(97, 107, 408, N'後半26分'),
(98, 25, 409, N'後半42分'),
(99, 9, 412, N'後半3分'),
(100, 9, 413, N'後半48分'),
(101, 89, 427, N'前半40分'),
(102, 89, 429, N'前半18分'),
(103, 89, 430, N'後半28分'),
(104, 117, 433, N'後半34分'),
(105, 89, 434, N'前半17分'),
(106, 10, 436, N'前半45分'),
(107, 10, 436, N'後半27分'),
(108, 89, 436, N'後半22分'),
(109, 105, 447, N'後半5分'),
(110, 119, 454, N'延後13分'),
(111, 11, 458, N'後半20分'),
(112, 27, 458, N'後半46分'),
(113, 105, 458, N'前半3分'),
(114, 105, 458, N'前半46分'),
(115, 123, 459, N'前半8分'),
(116, 42, 476, N'後半38分'),
(117, 42, 479, N'後半14分'),
(118, 75, 482, N'後半40分'),
(119, 42, 483, N'前半23分'),
(120, 106, 504, N'後半37分'),
(121, 29, 524, N'前半29分'),
(122, 41, 528, N'前半4分'),
(123, 41, 528, N'後半2分'),
(124, 12, 538, N'前半32分'),
(125, 57, 538, N'前半13分'),
(126, 137, 538, N'前半13分'),
(127, 61, 543, N'前半29分'),
(128, 141, 543, N'前半29分'),
(129, 118, 544, N'延後15分'),
(130, 12, 545, N'前半12分'),
(131, 12, 545, N'前半46分'),
(132, 12, 545, N'後半33分'),
(133, 61, 545, N'前半11分'),
(134, 109, 545, N'後半10分'),
(135, 141, 545, N'前半11分'),
(136, 61, 546, N'前半24分'),
(137, 61, 546, N'前半26分'),
(138, 141, 546, N'前半24分'),
(139, 141, 546, N'前半26分'),
(140, 61, 547, N'後半24分'),
(141, 61, 547, N'後半34分'),
(142, 118, 547, N'延前2分'),
(143, 141, 547, N'後半24分'),
(144, 141, 547, N'後半34分'),
(145, 28, 549, N'後半6分'),
(146, 128, 549, N'延後8分'),
(147, 28, 552, N'後半26分'),
(148, 61, 552, N'前半23分'),
(149, 141, 552, N'前半23分'),
(150, 96, 570, N'後半50分'),
(151, 46, 571, N'後半35分'),
(152, 96, 573, N'前半5分'),
(153, 78, 585, N'後半41分'),
(154, 32, 587, N'後半19分'),
(155, 56, 594, N'延後2分'),
(156, 136, 594, N'延後2分'),
(157, 32, 596, N'後半36分'),
(158, 78, 596, N'前半1分'),
(159, 14, 613, N'後半37分'),
(160, 92, 613, N'後半9分'),
(161, 92, 619, N'後半18分'),
(162, 110, 619, N'後半12分'),
(163, 111, 630, N'後半33分'),
(164, 15, 634, N'後半25分'),
(165, 120, 638, N'延前3分'),
(166, 15, 639, N'後半35分'),
(167, 120, 642, N'延前15分'),
(168, 30, 644, N'後半43分'),
(169, 17, 665, N'後半29分'),
(170, 112, 666, N'前半6分'),
(171, 95, 675, N'前半28分'),
(172, 79, 682, N'前半25分'),
(173, 95, 683, N'後半17分'),
(174, 54, 686, N'延後16分'),
(175, 95, 686, N'前半38分'),
(176, 134, 686, N'延後16分'),
(177, 48, 688, N'後半15分'),
(178, 95, 688, N'前半26分'),
(179, 31, 709, N'後半5分'),
(180, 81, 710, N'後半23分'),
(181, 31, 713, N'後半27分'),
(182, 39, 730, N'前半46分'),
(183, 72, 731, N'前半16分'),
(184, 10, NULL, N'後半3分'),
(185, 11, NULL, N'前半3分'),
(186, 46, NULL, N'前半31分'),
(187, 65, NULL, N'前半11分'),
(188, 117, NULL, N'後半47分');

INSERT INTO goals_tmp (my_country, enemy_country, goal_time, player_name) VALUES
(N'クロアチア', N'ブラジル', N'前半11分', N''),
(N'ブラジル', N'クロアチア', N'前半29分', N'ネイマール'),
(N'ブラジル', N'クロアチア', N'後半26分', N'ネイマール'),
(N'ブラジル', N'クロアチア', N'後半46分', N'オスカル'),
(N'メキシコ', N'カメルーン', N'後半16分', N'ペラルタ'),
(N'スペイン', N'オランダ', N'前半27分', N'シャビアロンソ'),
(N'オランダ', N'スペイン', N'前半44分', N'ファンペルシー'),
(N'オランダ', N'スペイン', N'後半8分', N'ロッベン'),
(N'オランダ', N'スペイン', N'後半20分', N'デフライ'),
(N'オランダ', N'スペイン', N'後半27分', N'ファンペルシー'),
(N'オランダ', N'スペイン', N'後半35分', N'ロッベン'),
(N'チリ', N'オーストラリア', N'前半12分', N'サンチェス'),
(N'チリ', N'オーストラリア', N'前半14分', N'バルディビア'),
(N'オーストラリア', N'チリ', N'前半35分', N'ケーヒル'),
(N'チリ', N'オーストラリア', N'後半47分', N'ボーセジュール'),
(N'コロンビア', N'ギリシャ', N'前半5分', N'アルメロ'),
(N'コロンビア', N'ギリシャ', N'後半13分', N'グティエレス'),
(N'コロンビア', N'ギリシャ', N'後半48分', N'ロドリゲス'),
(N'ウルグアイ', N'コスタリカ', N'前半24分', N'カバニ'),
(N'コスタリカ', N'ウルグアイ', N'後半9分', N'キャンベル'),
(N'コスタリカ', N'ウルグアイ', N'後半12分', N'ドゥアルテ'),
(N'コスタリカ', N'ウルグアイ', N'後半39分', N'ウレニャ'),
(N'イタリア', N'イングランド', N'前半35分', N'マルキジオ'),
(N'イングランド', N'イタリア', N'前半37分', N'スタリッジ'),
(N'イタリア', N'イングランド', N'後半5分', N'バロテリ'),
(N'日本', N'コートジボワール', N'前半16分', N'本田'),
(N'コートジボワール', N'日本', N'後半19分', N'ボニ'),
(N'コートジボワール', N'日本', N'後半21分', N'ジェルビーニョ'),
(N'エクアドル', N'スイス', N'前半22分', N'E・バレンシア'),
(N'スイス', N'エクアドル', N'後半3分', N'メーメディ'),
(N'スイス', N'エクアドル', N'後半48分', N'セフェロビッチ'),
(N'フランス', N'ホンジュラス', N'前半45分', N'ベンゼマ'),
(N'フランス', N'ホンジュラス', N'後半3分', N''),
(N'フランス', N'ホンジュラス', N'後半27分', N'ベンゼマ'),
(N'アルゼンチン', N'ボスニア・ヘルツェゴビナ', N'前半3分', N''),
(N'アルゼンチン', N'ボスニア・ヘルツェゴビナ', N'後半20分', N'メッシ'),
(N'ボスニア・ヘルツェゴビナ', N'アルゼンチン', N'後半40分', N'イビシェビッチ'),
(N'ドイツ', N'ポルトガル', N'前半12分', N'ミュラー'),
(N'ドイツ', N'ポルトガル', N'前半32分', N'フンメルス'),
(N'ドイツ', N'ポルトガル', N'前半46分', N'ミュラー'),
(N'ドイツ', N'ポルトガル', N'後半33分', N'ミュラー'),
(N'米国', N'ガーナ', N'前半1分', N'デンプシー'),
(N'ガーナ', N'米国', N'後半37分', N'A・アユー'),
(N'米国', N'ガーナ', N'後半41分', N'ブルックス'),
(N'アルジェリア', N'ベルギー', N'前半25分', N'フェグリ'),
(N'ベルギー', N'アルジェリア', N'後半25分', N'フェライニ'),
(N'ベルギー', N'アルジェリア', N'後半35分', N'メルテンス'),
(N'韓国', N'ロシア', N'後半23分', N'イ・グノ'),
(N'ロシア', N'韓国', N'後半29分', N'ケルジャコフ'),
(N'オランダ', N'オーストラリア', N'前半20分', N'ロッベン'),
(N'オーストラリア', N'オランダ', N'前半21分', N'ケーヒル'),
(N'オーストラリア', N'オランダ', N'後半9分', N'ジェディナク'),
(N'オランダ', N'オーストラリア', N'後半13分', N'ファンペルシー'),
(N'オランダ', N'オーストラリア', N'後半23分', N'デパイ'),
(N'チリ', N'スペイン', N'前半20分', N'バルガス'),
(N'チリ', N'スペイン', N'前半43分', N'アランギス'),
(N'クロアチア', N'カメルーン', N'前半11分', N'オリッチ'),
(N'クロアチア', N'カメルーン', N'後半3分', N'ペリシッチ'),
(N'クロアチア', N'カメルーン', N'後半16分', N'マンジュキッチ'),
(N'クロアチア', N'カメルーン', N'後半28分', N'マンジュキッチ'),
(N'コロンビア', N'コートジボワール', N'後半19分', N'ロドリゲス'),
(N'コロンビア', N'コートジボワール', N'後半25分', N'キンテロ'),
(N'コートジボワール', N'コロンビア', N'後半28分', N'ジェルビーニョ'),
(N'ウルグアイ', N'イングランド', N'前半39分', N'スアレス'),
(N'イングランド', N'ウルグアイ', N'後半30分', N'ルーニー'),
(N'ウルグアイ', N'イングランド', N'後半40分', N'スアレス'),
(N'コスタリカ', N'イタリア', N'前半44分', N'ルイス'),
(N'フランス', N'スイス', N'前半17分', N'ジルー'),
(N'フランス', N'スイス', N'前半18分', N'マチュイディ'),
(N'フランス', N'スイス', N'前半40分', N'バルブエナ'),
(N'フランス', N'スイス', N'後半22分', N'ベンゼマ'),
(N'フランス', N'スイス', N'後半28分', N'シソコ'),
(N'スイス', N'フランス', N'後半36分', N'ジェマイリ'),
(N'スイス', N'フランス', N'後半42分', N'シャカ'),
(N'ホンジュラス', N'エクアドル', N'前半31分', N'コストリー'),
(N'エクアドル', N'ホンジュラス', N'前半34分', N'E・バレンシア'),
(N'エクアドル', N'ホンジュラス', N'後半20分', N'E・バレンシア'),
(N'アルゼンチン', N'イラン', N'後半46分', N'メッシ'),
(N'ドイツ', N'ガーナ', N'後半6分', N'ゲッツェ'),
(N'ガーナ', N'ドイツ', N'後半9分', N'A・アユー'),
(N'ガーナ', N'ドイツ', N'後半18分', N'ジャン'),
(N'ドイツ', N'ガーナ', N'後半26分', N'クローゼ'),
(N'ナイジェリア', N'ボスニア・ヘルツェゴビナ', N'前半29分', N'オデムウィンジ'),
(N'ベルギー', N'ロシア', N'後半43分', N'オリジ'),
(N'アルジェリア', N'韓国', N'前半26分', N'スリマニ'),
(N'アルジェリア', N'韓国', N'前半28分', N'ハリシェ'),
(N'アルジェリア', N'韓国', N'前半38分', N'ジャブ'),
(N'韓国', N'アルジェリア', N'後半5分', N'ソン・フンミン'),
(N'アルジェリア', N'韓国', N'後半17分', N'ブラヒミ'),
(N'韓国', N'アルジェリア', N'後半27分', N'ク・ジャチョル'),
(N'ポルトガル', N'米国', N'前半5分', N'ナニ'),
(N'米国', N'ポルトガル', N'後半19分', N'ジョーンズ'),
(N'米国', N'ポルトガル', N'後半36分', N'デンプシー'),
(N'ポルトガル', N'米国', N'後半50分', N'バレラ'),
(N'スペイン', N'オーストラリア', N'前半36分', N'ビリャ'),
(N'スペイン', N'オーストラリア', N'後半24分', N'フェルナンドトレス'),
(N'スペイン', N'オーストラリア', N'後半37分', N'マタ'),
(N'オランダ', N'チリ', N'後半32分', N'フェル'),
(N'オランダ', N'チリ', N'後半47分', N'デパイ'),
(N'ブラジル', N'カメルーン', N'前半17分', N'ネイマール'),
(N'カメルーン', N'ブラジル', N'前半26分', N'マティプ'),
(N'ブラジル', N'カメルーン', N'前半35分', N'ネイマール'),
(N'ブラジル', N'カメルーン', N'後半4分', N'フレジ'),
(N'ブラジル', N'カメルーン', N'後半39分', N'フェルナンジーニョ'),
(N'メキシコ', N'クロアチア', N'後半27分', N'マルケス'),
(N'メキシコ', N'クロアチア', N'後半30分', N'グアルダド'),
(N'メキシコ', N'クロアチア', N'後半37分', N'エルナンデス'),
(N'クロアチア', N'メキシコ', N'後半42分', N'ペリシッチ'),
(N'ウルグアイ', N'イタリア', N'後半36分', N'ゴディン'),
(N'コロンビア', N'日本', N'前半17分', N'グアドラード'),
(N'日本', N'コロンビア', N'前半46分', N'岡崎'),
(N'コロンビア', N'日本', N'後半10分', N'マルティネス'),
(N'コロンビア', N'日本', N'後半37分', N'マルティネス'),
(N'コロンビア', N'日本', N'後半45分', N'ロドリゲス'),
(N'ギリシャ', N'コートジボワール', N'前半42分', N'サマラス'),
(N'コートジボワール', N'ギリシャ', N'後半29分', N'ボニ'),
(N'ギリシャ', N'コートジボワール', N'後半48分', N'サマラス'),
(N'アルゼンチン', N'ナイジェリア', N'前半3分', N'メッシ'),
(N'ナイジェリア', N'アルゼンチン', N'前半4分', N'ムサ'),
(N'アルゼンチン', N'ナイジェリア', N'前半46分', N'メッシ'),
(N'ナイジェリア', N'アルゼンチン', N'後半2分', N'ムサ'),
(N'アルゼンチン', N'ナイジェリア', N'後半5分', N'ロホ'),
(N'ボスニア・ヘルツェゴビナ', N'イラン', N'前半23分', N'ジェコ'),
(N'ボスニア・ヘルツェゴビナ', N'イラン', N'後半14分', N'ピャニッチ'),
(N'イラン', N'ボスニア・ヘルツェゴビナ', N'後半37分', N'グーチャンネジャド'),
(N'ボスニア・ヘルツェゴビナ', N'イラン', N'後半38分', N'ブルシャイエビッチ'),
(N'スイス', N'ホンジュラス', N'前半6分', N'シャキリ'),
(N'スイス', N'ホンジュラス', N'前半31分', N'シャキリ'),
(N'スイス', N'ホンジュラス', N'後半26分', N'シャキリ'),
(N'ドイツ', N'米国', N'後半10分', N'ミュラー'),
(N'ポルトガル', N'ガーナ', N'前半31分', N''),
(N'ガーナ', N'ポルトガル', N'後半12分', N'ジャン'),
(N'ポルトガル', N'ガーナ', N'後半35分', N'C・ロナルド'),
(N'ベルギー', N'韓国', N'後半33分', N'フェルトンゲン'),
(N'ロシア', N'アルジェリア', N'前半6分', N'ココリン'),
(N'アルジェリア', N'ロシア', N'後半15分', N'スリマニ'),
(N'ブラジル', N'チリ', N'前半18分', N'ダビドルイス'),
(N'チリ', N'ブラジル', N'前半32分', N'サンチェス'),
(N'コロンビア', N'ウルグアイ', N'前半28分', N'ロドリゲス'),
(N'コロンビア', N'ウルグアイ', N'後半5分', N'ロドリゲス'),
(N'メキシコ', N'オランダ', N'後半3分', N'ドスサントス'),
(N'オランダ', N'メキシコ', N'後半43分', N'スナイダー'),
(N'オランダ', N'メキシコ', N'後半49分', N'フンテラール'),
(N'コスタリカ', N'ギリシャ', N'後半7分', N'ルイス'),
(N'ギリシャ', N'コスタリカ', N'後半46分', N'パパスタソプロス'),
(N'フランス', N'ナイジェリア', N'後半34分', N'ポグバ'),
(N'フランス', N'ナイジェリア', N'後半47分', N''),
(N'ドイツ', N'アルジェリア', N'延前2分', N'シュルレ'),
(N'ドイツ', N'アルジェリア', N'延後15分', N'エジル'),
(N'アルジェリア', N'ドイツ', N'延後16分', N'ジャブ'),
(N'アルゼンチン', N'スイス', N'延後13分', N'ディマリア'),
(N'ベルギー', N'米国', N'延前3分', N'デブルイネ'),
(N'ベルギー', N'米国', N'延前15分', N'ルカク'),
(N'米国', N'ベルギー', N'延後2分', N'グリーン'),
(N'ドイツ', N'フランス', N'前半13分', N'フンメルス'),
(N'ブラジル', N'コロンビア', N'前半7分', N'チアゴシウバ'),
(N'ブラジル', N'コロンビア', N'前半7分', N'チアゴシウバ'),
(N'コロンビア', N'ブラジル', N'後半35分', N'ロドリゲス'),
(N'アルゼンチン', N'ベルギー', N'前半8分', N'イグアイン'),
(N'ドイツ', N'ブラジル', N'前半11分', N'ミュラー'),
(N'ドイツ', N'ブラジル', N'前半23分', N'クローゼ'),
(N'ドイツ', N'ブラジル', N'前半24分', N'クロース'),
(N'ドイツ', N'ブラジル', N'前半26分', N'クロース'),
(N'ドイツ', N'ブラジル', N'前半29分', N'ケディラ'),
(N'ドイツ', N'ブラジル', N'後半24分', N'シュルレ'),
(N'ドイツ', N'ブラジル', N'後半34分', N'シュルレ'),
(N'ブラジル', N'ドイツ', N'後半45分', N'オスカル'),
(N'オランダ', N'ブラジル', N'前半3分', N'ファンペルシー'),
(N'オランダ', N'ブラジル', N'前半17分', N'ブリント'),
(N'オランダ', N'ブラジル', N'後半46分', N'ワイナルドゥム'),
(N'ドイツ', N'アルゼンチン', N'延後8分', N'ゲッツェ');

INSERT INTO pairings (id, kickoff, my_country_id, enemy_country_id) VALUES
(1, '2014-06-13 05:00:00', 1, 4),
(2, '2014-06-14 01:00:00', 2, 3),
(3, '2014-06-14 04:00:00', 5, 6),
(4, '2014-06-14 07:00:00', 7, 8),
(5, '2014-06-15 01:00:00', 9, 10),
(6, '2014-06-15 04:00:00', 13, 14),
(7, '2014-06-15 07:00:00', 15, 16),
(8, '2014-06-15 10:00:00', 11, 12),
(9, '2014-06-16 01:00:00', 17, 18),
(10, '2014-06-16 04:00:00', 19, 20),
(11, '2014-06-16 07:00:00', 21, 22),
(12, '2014-06-17 01:00:00', 25, 26),
(13, '2014-06-17 04:00:00', 23, 24),
(14, '2014-06-17 07:00:00', 27, 28),
(15, '2014-06-18 01:00:00', 29, 30),
(16, '2014-06-18 04:00:00', 1, 2),
(17, '2014-06-18 07:00:00', 31, 32),
(18, '2014-06-19 01:00:00', 8, 6),
(19, '2014-06-19 04:00:00', 5, 7),
(20, '2014-06-19 07:00:00', 3, 4),
(21, '2014-06-20 01:00:00', 9, 11),
(22, '2014-06-20 04:00:00', 13, 15),
(23, '2014-06-20 07:00:00', 12, 10),
(24, '2014-06-21 01:00:00', 16, 14),
(25, '2014-06-21 04:00:00', 17, 19),
(26, '2014-06-21 07:00:00', 20, 18),
(27, '2014-06-22 01:00:00', 21, 23),
(28, '2014-06-22 04:00:00', 25, 27),
(29, '2014-06-22 07:00:00', 24, 22),
(30, '2014-06-23 01:00:00', 29, 31),
(31, '2014-06-23 04:00:00', 32, 30),
(32, '2014-06-23 07:00:00', 28, 26),
(33, '2014-06-24 01:00:00', 8, 5),
(34, '2014-06-24 01:00:00', 6, 7),
(35, '2014-06-24 05:00:00', 3, 1),
(36, '2014-06-24 05:00:00', 4, 2),
(37, '2014-06-25 01:00:00', 16, 13),
(38, '2014-06-25 01:00:00', 14, 15),
(39, '2014-06-25 05:00:00', 12, 9),
(40, '2014-06-25 05:00:00', 10, 11),
(41, '2014-06-26 01:00:00', 24, 21),
(42, '2014-06-26 01:00:00', 22, 23),
(43, '2014-06-26 05:00:00', 20, 17),
(44, '2014-06-26 05:00:00', 18, 19),
(45, '2014-06-27 01:00:00', 28, 25),
(46, '2014-06-27 01:00:00', 26, 27),
(47, '2014-06-27 05:00:00', 32, 29),
(48, '2014-06-27 05:00:00', 30, 31),
(49, '2014-06-29 01:00:00', 7, 1),
(50, '2014-06-29 05:00:00', 13, 9),
(51, '2014-06-30 01:00:00', 2, 6),
(52, '2014-06-30 05:00:00', 10, 14),
(53, '2014-07-01 01:00:00', 24, 19),
(54, '2014-07-01 05:00:00', 30, 25),
(55, '2014-07-02 01:00:00', 17, 21),
(56, '2014-07-02 05:00:00', 28, 29),
(57, '2014-07-05 01:00:00', 25, 19),
(58, '2014-07-05 05:00:00', 9, 1),
(59, '2014-07-06 01:00:00', 29, 21),
(60, '2014-07-06 05:00:00', 14, 6),
(61, '2014-07-09 05:00:00', 25, 1),
(62, '2014-07-10 05:00:00', 21, 6),
(63, '2014-07-13 05:00:00', 6, 1),
(64, '2014-07-14 04:00:00', 21, 25),
(65, '2014-06-13 05:00:00', 4, 1),
(66, '2014-06-14 01:00:00', 3, 2),
(67, '2014-06-14 04:00:00', 6, 5),
(68, '2014-06-14 07:00:00', 8, 7),
(69, '2014-06-15 01:00:00', 10, 9),
(70, '2014-06-15 04:00:00', 14, 13),
(71, '2014-06-15 07:00:00', 16, 15),
(72, '2014-06-15 10:00:00', 12, 11),
(73, '2014-06-16 01:00:00', 18, 17),
(74, '2014-06-16 04:00:00', 20, 19),
(75, '2014-06-16 07:00:00', 22, 21),
(76, '2014-06-17 01:00:00', 26, 25),
(77, '2014-06-17 04:00:00', 24, 23),
(78, '2014-06-17 07:00:00', 28, 27),
(79, '2014-06-18 01:00:00', 30, 29),
(80, '2014-06-18 04:00:00', 2, 1),
(81, '2014-06-18 07:00:00', 32, 31),
(82, '2014-06-19 01:00:00', 6, 8),
(83, '2014-06-19 04:00:00', 7, 5),
(84, '2014-06-19 07:00:00', 4, 3),
(85, '2014-06-20 01:00:00', 11, 9),
(86, '2014-06-20 04:00:00', 15, 13),
(87, '2014-06-20 07:00:00', 10, 12),
(88, '2014-06-21 01:00:00', 14, 16),
(89, '2014-06-21 04:00:00', 19, 17),
(90, '2014-06-21 07:00:00', 18, 20),
(91, '2014-06-22 01:00:00', 23, 21),
(92, '2014-06-22 04:00:00', 27, 25),
(93, '2014-06-22 07:00:00', 22, 24),
(94, '2014-06-23 01:00:00', 31, 29),
(95, '2014-06-23 04:00:00', 30, 32),
(96, '2014-06-23 07:00:00', 26, 28),
(97, '2014-06-24 01:00:00', 5, 8),
(98, '2014-06-24 01:00:00', 7, 6),
(99, '2014-06-24 05:00:00', 1, 3),
(100, '2014-06-24 05:00:00', 2, 4),
(101, '2014-06-25 01:00:00', 13, 16),
(102, '2014-06-25 01:00:00', 15, 14),
(103, '2014-06-25 05:00:00', 9, 12),
(104, '2014-06-25 05:00:00', 11, 10),
(105, '2014-06-26 01:00:00', 21, 24),
(106, '2014-06-26 01:00:00', 23, 22),
(107, '2014-06-26 05:00:00', 17, 20),
(108, '2014-06-26 05:00:00', 19, 18),
(109, '2014-06-27 01:00:00', 25, 28),
(110, '2014-06-27 01:00:00', 27, 26),
(111, '2014-06-27 05:00:00', 29, 32),
(112, '2014-06-27 05:00:00', 31, 30),
(113, '2014-06-29 01:00:00', 1, 7),
(114, '2014-06-29 05:00:00', 9, 13),
(115, '2014-06-30 01:00:00', 6, 2),
(116, '2014-06-30 05:00:00', 14, 10),
(117, '2014-07-01 01:00:00', 19, 24),
(118, '2014-07-01 05:00:00', 25, 30),
(119, '2014-07-02 01:00:00', 21, 17),
(120, '2014-07-02 05:00:00', 29, 28),
(121, '2014-07-05 01:00:00', 19, 25),
(122, '2014-07-05 05:00:00', 1, 9),
(123, '2014-07-06 01:00:00', 21, 29),
(124, '2014-07-06 05:00:00', 6, 14),
(125, '2014-07-09 05:00:00', 1, 25),
(126, '2014-07-10 05:00:00', 6, 21),
(127, '2014-07-13 05:00:00', 1, 6),
(128, '2014-07-14 04:00:00', 25, 21),
(129, '2014-06-29 01:00:00', 7, 1),
(130, '2014-06-29 05:00:00', 13, 9),
(131, '2014-06-30 01:00:00', 2, 6),
(132, '2014-06-30 05:00:00', 10, 14),
(133, '2014-07-01 01:00:00', 24, 19),
(134, '2014-07-01 05:00:00', 30, 25),
(135, '2014-07-02 01:00:00', 17, 21),
(136, '2014-07-02 05:00:00', 28, 29),
(137, '2014-07-05 01:00:00', 25, 19),
(138, '2014-07-05 05:00:00', 9, 1),
(139, '2014-07-06 01:00:00', 29, 21),
(140, '2014-07-06 05:00:00', 14, 6),
(141, '2014-07-09 05:00:00', 25, 1),
(142, '2014-07-10 05:00:00', 21, 6),
(143, '2014-07-13 05:00:00', 6, 1),
(144, '2014-07-14 04:00:00', 21, 25);

INSERT INTO pairings_tmp (kickoff, my_country, enemy_country) VALUES
('2014-06-13 05:00:00', N'ブラジル', N'クロアチア'),
('2014-06-14 01:00:00', N'メキシコ', N'カメルーン'),
('2014-06-14 04:00:00', N'スペイン', N'オランダ'),
('2014-06-14 07:00:00', N'チリ', N'オーストラリア'),
('2014-06-15 01:00:00', N'コロンビア', N'ギリシャ'),
('2014-06-15 04:00:00', N'ウルグアイ', N'コスタリカ'),
('2014-06-15 07:00:00', N'イングランド', N'イタリア'),
('2014-06-15 10:00:00', N'コートジボワール', N'日本'),
('2014-06-16 01:00:00', N'スイス', N'エクアドル'),
('2014-06-16 04:00:00', N'フランス', N'ホンジュラス'),
('2014-06-16 07:00:00', N'アルゼンチン', N'ボスニア・ヘルツェゴビナ'),
('2014-06-17 01:00:00', N'ドイツ', N'ポルトガル'),
('2014-06-17 04:00:00', N'イラン', N'ナイジェリア'),
('2014-06-17 07:00:00', N'ガーナ', N'米国'),
('2014-06-18 01:00:00', N'ベルギー', N'アルジェリア'),
('2014-06-18 04:00:00', N'ブラジル', N'メキシコ'),
('2014-06-18 07:00:00', N'ロシア', N'韓国'),
('2014-06-19 01:00:00', N'オーストラリア', N'オランダ'),
('2014-06-19 04:00:00', N'スペイン', N'チリ'),
('2014-06-19 07:00:00', N'カメルーン', N'クロアチア'),
('2014-06-20 01:00:00', N'コロンビア', N'コートジボワール'),
('2014-06-20 04:00:00', N'ウルグアイ', N'イングランド'),
('2014-06-20 07:00:00', N'日本', N'ギリシャ'),
('2014-06-21 01:00:00', N'イタリア', N'コスタリカ'),
('2014-06-21 04:00:00', N'スイス', N'フランス'),
('2014-06-21 07:00:00', N'ホンジュラス', N'エクアドル'),
('2014-06-22 01:00:00', N'アルゼンチン', N'イラン'),
('2014-06-22 04:00:00', N'ドイツ', N'ガーナ'),
('2014-06-22 07:00:00', N'ナイジェリア', N'ボスニア・ヘルツェゴビナ'),
('2014-06-23 01:00:00', N'ベルギー', N'ロシア'),
('2014-06-23 04:00:00', N'韓国', N'アルジェリア'),
('2014-06-23 07:00:00', N'米国', N'ポルトガル'),
('2014-06-24 01:00:00', N'オーストラリア', N'スペイン'),
('2014-06-24 01:00:00', N'オランダ', N'チリ'),
('2014-06-24 05:00:00', N'カメルーン', N'ブラジル'),
('2014-06-24 05:00:00', N'クロアチア', N'メキシコ'),
('2014-06-25 01:00:00', N'イタリア', N'ウルグアイ'),
('2014-06-25 01:00:00', N'コスタリカ', N'イングランド'),
('2014-06-25 05:00:00', N'日本', N'コロンビア'),
('2014-06-25 05:00:00', N'ギリシャ', N'コートジボワール'),
('2014-06-26 01:00:00', N'ナイジェリア', N'アルゼンチン'),
('2014-06-26 01:00:00', N'ボスニア・ヘルツェゴビナ', N'イラン'),
('2014-06-26 05:00:00', N'ホンジュラス', N'スイス'),
('2014-06-26 05:00:00', N'エクアドル', N'フランス'),
('2014-06-27 01:00:00', N'米国', N'ドイツ'),
('2014-06-27 01:00:00', N'ポルトガル', N'ガーナ'),
('2014-06-27 05:00:00', N'韓国', N'ベルギー'),
('2014-06-27 05:00:00', N'アルジェリア', N'ロシア'),
('2014-06-29 01:00:00', N'チリ', N'ブラジル'),
('2014-06-29 05:00:00', N'ウルグアイ', N'コロンビア'),
('2014-06-30 01:00:00', N'メキシコ', N'オランダ'),
('2014-06-30 05:00:00', N'ギリシャ', N'コスタリカ'),
('2014-07-01 01:00:00', N'ナイジェリア', N'フランス'),
('2014-07-01 05:00:00', N'アルジェリア', N'ドイツ'),
('2014-07-02 01:00:00', N'スイス', N'アルゼンチン'),
('2014-07-02 05:00:00', N'米国', N'ベルギー'),
('2014-07-05 01:00:00', N'ドイツ', N'フランス'),
('2014-07-05 05:00:00', N'コロンビア', N'ブラジル'),
('2014-07-06 01:00:00', N'ベルギー', N'アルゼンチン'),
('2014-07-06 05:00:00', N'コスタリカ', N'オランダ'),
('2014-07-09 05:00:00', N'ドイツ', N'ブラジル'),
('2014-07-10 05:00:00', N'アルゼンチン', N'オランダ'),
('2014-07-13 05:00:00', N'オランダ', N'ブラジル'),
('2014-07-14 04:00:00', N'アルゼンチン', N'ドイツ'),
('2014-06-13 05:00:00', N'クロアチア', N'ブラジル'),
('2014-06-14 01:00:00', N'カメルーン', N'メキシコ'),
('2014-06-14 04:00:00', N'オランダ', N'スペイン'),
('2014-06-14 07:00:00', N'オーストラリア', N'チリ'),
('2014-06-15 01:00:00', N'ギリシャ', N'コロンビア'),
('2014-06-15 04:00:00', N'コスタリカ', N'ウルグアイ'),
('2014-06-15 07:00:00', N'イタリア', N'イングランド'),
('2014-06-15 10:00:00', N'日本', N'コートジボワール'),
('2014-06-16 01:00:00', N'エクアドル', N'スイス'),
('2014-06-16 04:00:00', N'ホンジュラス', N'フランス'),
('2014-06-16 07:00:00', N'ボスニア・ヘルツェゴビナ', N'アルゼンチン'),
('2014-06-17 01:00:00', N'ポルトガル', N'ドイツ'),
('2014-06-17 04:00:00', N'ナイジェリア', N'イラン'),
('2014-06-17 07:00:00', N'米国', N'ガーナ'),
('2014-06-18 01:00:00', N'アルジェリア', N'ベルギー'),
('2014-06-18 04:00:00', N'メキシコ', N'ブラジル'),
('2014-06-18 07:00:00', N'韓国', N'ロシア'),
('2014-06-19 01:00:00', N'オランダ', N'オーストラリア'),
('2014-06-19 04:00:00', N'チリ', N'スペイン'),
('2014-06-19 07:00:00', N'クロアチア', N'カメルーン'),
('2014-06-20 01:00:00', N'コートジボワール', N'コロンビア'),
('2014-06-20 04:00:00', N'イングランド', N'ウルグアイ'),
('2014-06-20 07:00:00', N'ギリシャ', N'日本'),
('2014-06-21 01:00:00', N'コスタリカ', N'イタリア'),
('2014-06-21 04:00:00', N'フランス', N'スイス'),
('2014-06-21 07:00:00', N'エクアドル', N'ホンジュラス'),
('2014-06-22 01:00:00', N'イラン', N'アルゼンチン'),
('2014-06-22 04:00:00', N'ガーナ', N'ドイツ'),
('2014-06-22 07:00:00', N'ボスニア・ヘルツェゴビナ', N'ナイジェリア'),
('2014-06-23 01:00:00', N'ロシア', N'ベルギー'),
('2014-06-23 04:00:00', N'アルジェリア', N'韓国'),
('2014-06-23 07:00:00', N'ポルトガル', N'米国'),
('2014-06-24 01:00:00', N'スペイン', N'オーストラリア'),
('2014-06-24 01:00:00', N'チリ', N'オランダ'),
('2014-06-24 05:00:00', N'ブラジル', N'カメルーン'),
('2014-06-24 05:00:00', N'メキシコ', N'クロアチア'),
('2014-06-25 01:00:00', N'ウルグアイ', N'イタリア'),
('2014-06-25 01:00:00', N'イングランド', N'コスタリカ'),
('2014-06-25 05:00:00', N'コロンビア', N'日本'),
('2014-06-25 05:00:00', N'コートジボワール', N'ギリシャ'),
('2014-06-26 01:00:00', N'アルゼンチン', N'ナイジェリア'),
('2014-06-26 01:00:00', N'イラン', N'ボスニア・ヘルツェゴビナ'),
('2014-06-26 05:00:00', N'スイス', N'ホンジュラス'),
('2014-06-26 05:00:00', N'フランス', N'エクアドル'),
('2014-06-27 01:00:00', N'ドイツ', N'米国'),
('2014-06-27 01:00:00', N'ガーナ', N'ポルトガル'),
('2014-06-27 05:00:00', N'ベルギー', N'韓国'),
('2014-06-27 05:00:00', N'ロシア', N'アルジェリア'),
('2014-06-29 01:00:00', N'ブラジル', N'チリ'),
('2014-06-29 05:00:00', N'コロンビア', N'ウルグアイ'),
('2014-06-30 01:00:00', N'オランダ', N'メキシコ'),
('2014-06-30 05:00:00', N'コスタリカ', N'ギリシャ'),
('2014-07-01 01:00:00', N'フランス', N'ナイジェリア'),
('2014-07-01 05:00:00', N'ドイツ', N'アルジェリア'),
('2014-07-02 01:00:00', N'アルゼンチン', N'スイス'),
('2014-07-02 05:00:00', N'ベルギー', N'米国'),
('2014-07-05 01:00:00', N'フランス', N'ドイツ'),
('2014-07-05 05:00:00', N'ブラジル', N'コロンビア'),
('2014-07-06 01:00:00', N'アルゼンチン', N'ベルギー'),
('2014-07-06 05:00:00', N'オランダ', N'コスタリカ'),
('2014-07-09 05:00:00', N'ブラジル', N'ドイツ'),
('2014-07-10 05:00:00', N'オランダ', N'アルゼンチン'),
('2014-07-13 05:00:00', N'ブラジル', N'オランダ'),
('2014-07-14 04:00:00', N'ドイツ', N'アルゼンチン'),
('2014-06-29 01:00:00', N'チリ', N'ブラジル'),
('2014-06-29 05:00:00', N'ウルグアイ', N'コロンビア'),
('2014-06-30 01:00:00', N'メキシコ', N'オランダ'),
('2014-06-30 05:00:00', N'ギリシャ', N'コスタリカ'),
('2014-07-01 01:00:00', N'ナイジェリア', N'フランス'),
('2014-07-01 05:00:00', N'アルジェリア', N'ドイツ'),
('2014-07-02 01:00:00', N'スイス', N'アルゼンチン'),
('2014-07-02 05:00:00', N'米国', N'ベルギー'),
('2014-07-05 01:00:00', N'ドイツ', N'フランス'),
('2014-07-05 05:00:00', N'コロンビア', N'ブラジル'),
('2014-07-06 01:00:00', N'ベルギー', N'アルゼンチン'),
('2014-07-06 05:00:00', N'コスタリカ', N'オランダ'),
('2014-07-09 05:00:00', N'ドイツ', N'ブラジル'),
('2014-07-10 05:00:00', N'アルゼンチン', N'オランダ'),
('2014-07-13 05:00:00', N'オランダ', N'ブラジル'),
('2014-07-14 04:00:00', N'アルゼンチン', N'ドイツ');

INSERT INTO players (id, country_id, uniform_num, position, name, club, birth, height, weight) VALUES
(1, 1, 12, 'GK', N'ジュリオセザール', N'トロント（カナダ）', '1979-09-03', 186, 79),
(2, 1, 1, 'GK', N'ジェフェルソン', N'ボタフォゴ（ブラジル）', '1983-01-02', 188, 80),
(3, 1, 22, 'GK', N'ビクトル', N'アトレチコ・ミネイロ（ブラジル）', '1983-01-21', 193, 84),
(4, 1, 23, 'DF', N'マイコン', N'ローマ（イタリア）', '1981-07-26', 184, 77),
(5, 1, 14, 'DF', N'マックスウェル', N'パリサンジェルマン（フランス）', '1981-08-27', 176, 73),
(6, 1, 2, 'DF', N'アウベス', N'バルセロナ（スペイン）', '1983-05-06', 173, 64),
(7, 1, 13, 'DF', N'ダンチ', N'Bミュンヘン（ドイツ）', '1983-10-18', 188, 87),
(8, 1, 3, 'DF', N'チアゴシウバ', N'パリサンジェルマン（フランス）', '1984-09-22', 183, 79),
(9, 1, 15, 'DF', N'エンリケ', N'ナポリ（イタリア）', '1986-10-14', 187, 73),
(10, 1, 4, 'DF', N'ダビドルイス', N'チェルシー（イングランド）', '1987-04-22', 189, 84),
(11, 1, 6, 'DF', N'マルセロ', N'Rマドリード（スペイン）', '1988-05-12', 172, 73),
(12, 1, 5, 'MF', N'フェルナンジーニョ', N'マンチェスターC（イングランド）', '1985-05-04', 175, 67),
(13, 1, 18, 'MF', N'エルナネス', N'インテルミラノ（イタリア）', '1985-05-29', 181, 76),
(14, 1, 16, 'MF', N'ラミレス', N'チェルシー（イングランド）', '1987-03-24', 180, 73),
(15, 1, 17, 'MF', N'ルイスグスタボ', N'ウォルフスブルク（ドイツ）', '1987-07-23', 187, 80),
(16, 1, 8, 'MF', N'パウリーニョ', N'トットナム（イングランド）', '1988-07-25', 182, 71),
(17, 1, 19, 'MF', N'ビリアン', N'チェルシー（イングランド）', '1988-08-09', 174, 72),
(18, 1, 11, 'MF', N'オスカル', N'チェルシー（イングランド）', '1991-09-09', 180, 66),
(19, 1, 9, 'FW', N'フレジ', N'フルミネンセ（ブラジル）', '1983-10-03', 185, 90),
(20, 1, 7, 'FW', N'フッキ', N'ゼニト（ロシア）', '1986-07-25', 180, 85),
(21, 1, 21, 'FW', N'ジョー', N'アトレチコ・ミネイロ（ブラジル）', '1987-03-20', 189, 78),
(22, 1, 10, 'FW', N'ネイマール', N'バルセロナ（スペイン）', '1992-02-05', 175, 64),
(23, 1, 20, 'FW', N'ベルナルジ', N'シャフタル・ドネツク（クロアチア）', '1992-09-08', 163, 60),
(24, 2, 12, 'GK', N'コロナ', N'クルスアスル（メキシコ）', '1981-01-26', 178, 72),
(25, 2, 23, 'GK', N'タラベラ', N'トルーカ（メキシコ）', '1982-09-18', 188, 85),
(26, 2, 1, 'GK', N'オチョア', N'アジャクシオ（フランス）', '1985-07-13', 185, 78),
(27, 2, 4, 'DF', N'マルケス', N'レオン（メキシコ）', '1979-02-13', 184, 75),
(28, 2, 3, 'DF', N'サルシド', N'ティグレス（メキシコ）', '1980-04-02', 170, 62),
(29, 2, 2, 'DF', N'ロドリゲス', N'アメリカ', '1981-10-20', 191, 79),
(30, 2, 22, 'DF', N'アギラル', N'アメリカ', '1986-03-06', 178, 67),
(31, 2, 18, 'DF', N'グアルダド', N'レーバークーゼン（ドイツ）', '1986-09-28', 169, 67),
(32, 2, 15, 'DF', N'モレノ', N'エスパニョール（スペイン）', '1988-01-17', 184, 80),
(33, 2, 7, 'DF', N'ラジュン', N'アメリカ', '1988-06-25', 176, 66),
(34, 2, 13, 'DF', N'レジェス', N'ポルト（ポルトガル）', '1992-09-19', 189, 65),
(35, 2, 20, 'MF', N'モンテス', N'レオン', '1986-05-15', 166, 66),
(36, 2, 5, 'MF', N'バスケス', N'レオン', '1988-03-14', 164, 62),
(37, 2, 16, 'MF', N'ポンセ', N'トルーカ', '1989-04-12', 175, 77),
(38, 2, 8, 'MF', N'ファビアン', N'クルスアスル', '1989-07-21', 170, 65),
(39, 2, 17, 'MF', N'ペニャ', N'レオン', '1990-03-29', 176, 76),
(40, 2, 6, 'MF', N'エレラ', N'ポルト（ポルトガル）', '1990-04-19', 183, 72),
(41, 2, 21, 'MF', N'ブリスエラ', N'トルーカ', '1990-08-28', 173, 67),
(42, 2, 19, 'FW', N'ペラルタ', N'サントス・ラグーナ', '1984-01-12', 177, 73),
(43, 2, 14, 'FW', N'エルナンデス', N'マンチェスターU（イングランド）', '1988-06-01', 173, 62),
(44, 2, 10, 'FW', N'ドスサントス', N'ビリャレアル（スペイン）', '1989-05-11', 174, 70),
(45, 2, 11, 'FW', N'プリド', N'ティグレス', '1991-03-08', 174, 67),
(46, 2, 9, 'FW', N'ヒメネス', N'クラブ・アメリカ', '1991-05-05', 186, 77),
(47, 3, 16, 'GK', N'イタンジェ', N'コニヤスポル（トルコ）', '1982-11-02', 193, 88),
(48, 3, 23, 'GK', N'ヌジョック', N'フェトヒエスポル（トルコ）', '1990-02-25', 181, 85),
(49, 3, 1, 'GK', N'フジュ', N'コトンスポール', '1992-04-14', 178, 74),
(50, 3, 2, 'DF', N'アスエコット', N'クイーンズパーク（イングランド）', '1984-03-24', 179, 69),
(51, 3, 12, 'DF', N'ベディモ', N'リヨン（フランス）', '1984-06-04', 180, 80),
(52, 3, 14, 'DF', N'シェジュ', N'ガラタサライ（トルコ）', '1985-06-20', 184, 86),
(53, 3, 5, 'DF', N'ヌンク', N'ベシクタシュ（トルコ）', '1986-04-11', 184, 85),
(54, 3, 22, 'DF', N'ニョム', N'グラナダ（スペイン）', '1988-05-10', 188, 81),
(55, 3, 5, 'DF', N'ヌクルー', N'マルセイユ（フランス）', '1990-03-27', 180, 77),
(56, 3, 4, 'DF', N'ジュグー', N'コトンスポール', '1992-08-28', 184, 75),
(57, 3, 11, 'MF', N'マクン', N'レンヌ（フランス）', '1983-05-29', 172, 65),
(58, 3, 7, 'MF', N'ヌゲモ', N'ボルドー（フランス）', '1985-11-28', 173, 70),
(59, 3, 18, 'MF', N'エノー', N'アンタルヤスポル（トルコ）', '1986-03-23', 180, 76),
(60, 3, 17, 'MF', N'ムビア', N'セビリア（スペイン）', '1986-05-20', 189, 82),
(61, 3, 6, 'MF', N'ソング', N'バルセロナ（スペイン）', '1987-09-09', 185, 74),
(62, 3, 8, 'MF', N'ムカンジョ', N'ナンシー（フランス）', '1988-11-12', 179, 76),
(63, 3, 21, 'MF', N'マティプ', N'シャルケ（ドイツ）', '1991-08-08', 193, 88),
(64, 3, 20, 'MF', N'サリ', N'ランス（フランス）', '1992-08-17', 163, 64),
(65, 3, 9, 'FW', N'エトー', N'チェルシー（イングランド）', '1981-03-10', 180, 79),
(66, 3, 15, 'FW', N'ウェボ', N'フェネルバフチェ（トルコ）', '1982-01-20', 180, 78),
(67, 3, 13, 'FW', N'チュポモティング', N'マインツ（ドイツ）', '1989-03-23', 190, 84),
(68, 3, 10, 'FW', N'アブバカル', N'ロリアン（フランス）', '1992-01-22', 184, 82),
(69, 3, 19, 'FW', N'オリンガ', N'ワーレゲム（ベルギー）', '1996-05-12', 172, 66),
(70, 4, 1, 'GK', N'プレティコサ', N'ロストフ（ロシア）', '1979-01-08', 193, 83),
(71, 4, 23, 'GK', N'スバシッチ', N'モナコ（イタリア）', '1984-10-27', 191, 85),
(72, 4, 12, 'GK', N'ゼレニカ', N'NKロコモティバ', '1993-05-14', 192, 82),
(73, 4, 3, 'DF', N'プラニッチ', N'パナシナイコス（ギリシャ）', '1981-12-02', 171, 70),
(74, 4, 11, 'DF', N'スルナ', N'シャフタル（ウクライナ）', '1982-05-01', 182, 78),
(75, 4, 13, 'DF', N'シルデンフェルト', N'パナシナイコス（ギリシャ）', '1985-03-18', 191, 91),
(76, 4, 5, 'DF', N'チョルルカ', N'ロコモティフ・モスクワ（ロシア）', '1986-02-05', 192, 84),
(77, 4, 21, 'DF', N'ビダ', N'ディナモ・キエフ（ウクライナ）', '1989-04-29', 184, 73),
(78, 4, 6, 'DF', N'ロブレン', N'サウサンプトン（イングランド）', '1989-07-05', 188, 84),
(79, 4, 2, 'DF', N'ブルサリコ', N'ジェノア（イタリア）', '1992-01-10', 183, 73),
(80, 4, 8, 'MF', N'ブコイエビッチ', N'ディナモ・キエフ（ウクライナ）', '1983-12-20', 184, 85),
(81, 4, 10, 'MF', N'モドリッチ', N'Rマドリード（スペイン）', '1985-09-09', 174, 65),
(82, 4, 19, 'MF', N'サミル', N'ヘタフェ（スペイン）', '1987-04-23', 178, 77),
(83, 4, 7, 'MF', N'ラキティッチ', N'セビリア（スペイン）', '1988-03-10', 184, 75),
(84, 4, 4, 'MF', N'ペリシッチ', N'ウォルフスブルク（ドイツ）', '1989-02-02', 182, 74),
(85, 4, 14, 'MF', N'ブロゾビッチ', N'ディナモ・ザグレブ', '1992-11-16', 180, 65),
(86, 4, 15, 'MF', N'モチニッチ', N'リエカ', '1993-04-30', 180, 72),
(87, 4, 20, 'MF', N'コバチッチ', N'インテルミラノ（イタリア）', '1994-05-06', 181, 75),
(88, 4, 18, 'FW', N'オリッチ', N'ウォルフスブルク（ドイツ）', '1979-09-14', 182, 85),
(89, 4, 22, 'FW', N'エドゥアルド', N'シャフタル（ウクライナ）', '1983-02-25', 177, 73),
(90, 4, 9, 'FW', N'イエラビッチ', N'ハルシティ（イングランド）', '1985-08-27', 187, 84),
(91, 4, 17, 'FW', N'マンジュキッチ', N'Bミュンヘン（ドイツ）', '1986-05-21', 187, 84),
(92, 4, 16, 'FW', N'レビッチ', N'フィオレンティナ（イタリア）', '1993-09-21', 185, 77),
(93, 5, 1, 'GK', N'カシリャス', N'Rマドリード', '1981-05-20', 183, 84),
(94, 5, 23, 'GK', N'レイナ', N'ナポリ（イタリア）', '1982-08-31', 188, 86),
(95, 5, 12, 'GK', N'デヘア', N'マンチェスターU（イングランド）', '1990-11-07', 192, 82),
(96, 5, 5, 'DF', N'フアンフラン', N'Aマドリード', '1985-01-09', 180, 72),
(97, 5, 2, 'DF', N'アルビオル', N'ナポリ（イタリア）', '1985-09-04', 187, 82),
(98, 5, 15, 'DF', N'セルヒオラモス', N'Rマドリード', '1986-03-30', 183, 75),
(99, 5, 3, 'DF', N'ピケ', N'バルセロナ', '1987-02-02', 192, 85),
(100, 5, 18, 'DF', N'アルバ', N'バルセロナ', '1989-03-21', 170, 69),
(101, 5, 22, 'DF', N'アスピリクエタ', N'チェルシー（イングランド）', '1989-08-28', 178, 76),
(102, 5, 8, 'MF', N'シャビ', N'バルセロナ', '1980-01-25', 170, 68),
(103, 5, 14, 'MF', N'シャビアロンソ', N'Rマドリード', '1981-11-25', 183, 77),
(104, 5, 6, 'MF', N'イニエスタ', N'バルセロナ', '1984-05-11', 170, 65),
(105, 5, 20, 'MF', N'カソルラ', N'アーセナル（イングランド）', '1984-12-13', 168, 66),
(106, 5, 10, 'MF', N'セスク', N'バルセロナ', '1987-05-04', 179, 75),
(107, 5, 16, 'MF', N'ブスケツ', N'バルセロナ', '1988-07-16', 189, 73),
(108, 5, 4, 'MF', N'ハビマルティネス', N'Bミュンヘン（ドイツ）', '1988-09-02', 190, 81),
(109, 5, 17, 'MF', N'コケ', N'Aマドリード', '1992-01-08', 178, 74),
(110, 5, 7, 'FW', N'ビリャ', N'Aマドリード', '1981-12-03', 175, 69),
(111, 5, 9, 'FW', N'フェルナンドトレス', N'チェルシー（イングランド）', '1984-03-20', 186, 81),
(112, 5, 11, 'FW', N'ペドロ', N'バルセロナ', '1987-07-28', 169, 64),
(113, 5, 21, 'FW', N'シルバ', N'マンチェスターC（イングランド）', '1986-01-08', 170, 67),
(114, 5, 13, 'FW', N'マタ', N'チェルシー（イングランド）', '1988-04-28', 174, 63),
(115, 5, 19, 'FW', N'ディエゴコスタ', N'Aマドリード', '1988-10-07', 188, 81),
(116, 7, 23, 'GK', N'エレラ', N'ウニベルシダード・デ・チリ', '1981-05-09', 184, 85),
(117, 7, 1, 'GK', N'ブラボ', N'Rソシエダード（スペイン）', '1983-04-13', 185, 84),
(118, 7, 12, 'GK', N'トセリ', N'ウニベルシダード・カトリカ', '1988-06-15', 186, 75),
(119, 7, 13, 'DF', N'ロハス', N'ウニベルシダード・デ・チリ', '1983-06-23', 174, 83),
(120, 7, 18, 'DF', N'ハラ', N'ノッティンガム・フォレスト（イングランド）', '1985-08-29', 178, 71),
(121, 7, 17, 'DF', N'メデル', N'カーディフ（ウェールズ）', '1987-08-03', 172, 74),
(122, 7, 4, 'DF', N'イスラ', N'ユベントス（イタリア）', '1988-06-12', 175, 72),
(123, 7, 2, 'DF', N'メナ', N'サントス（ブラジル）', '1988-07-18', 175, 68),
(124, 7, 10, 'MF', N'バルディビア', N'パルメイラス（ブラジル）', '1983-10-19', 173, 71),
(125, 7, 19, 'MF', N'フエンサリダ', N'コロコロ', '1985-02-22', 169, 64),
(126, 7, 5, 'MF', N'シルバ', N'オサスナ（スペイン）', '1986-02-11', 178, 75),
(127, 7, 21, 'MF', N'ディアス', N'バーゼル（スイス）', '1986-12-30', 168, 65),
(128, 7, 6, 'MF', N'カルモナ', N'アタランタ（イタリア）', '1987-02-21', 178, 68),
(129, 7, 8, 'MF', N'ビダル', N'ユベントス（イタリア）', '1987-05-22', 180, 75),
(130, 7, 20, 'MF', N'アランギス', N'インテルナシオナル（ブラジル）', '1989-04-17', 171, 72),
(131, 7, 16, 'MF', N'グティエレス', N'トウェンテ（オランダ）', '1990-10-08', 170, 64),
(132, 7, 3, 'MF', N'アルボノルス', N'マルメ（スウェーデン）', '1990-11-30', 180, 80),
(133, 7, 22, 'FW', N'パレデス', N'コロコロ', '1980-08-01', 179, 76),
(134, 7, 9, 'FW', N'ピニジャ', N'カリャリ（イタリア）', '1984-02-04', 185, 75),
(135, 7, 15, 'FW', N'ボーセジュール', N'ウィガン（イングランド）', '1984-06-01', 178, 81),
(136, 7, 14, 'FW', N'オレジャナ', N'セルタ（スペイン）', '1986-01-27', 171, 70),
(137, 7, 7, 'FW', N'サンチェス', N'バルセロナ（スペイン）', '1988-12-19', 169, 70),
(138, 7, 11, 'FW', N'バルガス', N'バレンシア（スペイン）', '1989-11-20', 175, 69),
(139, 8, 18, 'GK', N'ガレコビッチ', N'アデレードU', '1981-06-12', 186, 91),
(140, 8, 12, 'GK', N'ランゲラク', N'ドルトムント（ドイツ）', '1988-08-22', 192, 81),
(141, 8, 1, 'GK', N'ライアン', N'クラブ・ブルージュ（ベルギー）', '1992-04-08', 184, 73),
(142, 8, 22, 'DF', N'ウィルキンソン', N'全北', '1984-08-13', 187, 85),
(143, 8, 2, 'DF', N'フラニッチ', N'ブリスベーン', '1987-09-10', 180, 77),
(144, 8, 6, 'DF', N'スピラノビッチ', N'ウェスタンシドニー', '1988-06-27', 180, 77),
(145, 8, 19, 'DF', N'マクガワン', N'山東（中国）', '1989-08-15', 191, 75),
(146, 8, 3, 'DF', N'デービッドソン', N'ヘラクレス（オランダ）', '1991-06-29', 180, 74),
(147, 8, 8, 'DF', N'ライト', N'プレストン（イングランド）', '1992-07-28', 184, 84),
(148, 8, 23, 'MF', N'ブレシャノ', N'アルガラファ（カタール）', '1980-02-11', 182, 73),
(149, 8, 17, 'MF', N'マッケイ', N'ブリスベーン', '1983-01-11', 171, 65),
(150, 8, 15, 'MF', N'ジェディナク', N'クリスタルパレス（イングランド）', '1984-08-03', 189, 88),
(151, 8, 5, 'MF', N'ミリガン', N'メルボルン・ビクトリー', '1985-08-04', 178, 78),
(152, 8, 20, 'MF', N'ビドシッチ', N'シオン（スイス）', '1987-04-08', 184, 74),
(153, 8, 14, 'MF', N'トロイージ', N'メルボルン・ビクトリー', '1988-07-03', 180, 81),
(154, 8, 13, 'MF', N'ボザニッチ', N'ルツェルン（スイス）', '1989-01-08', 183, 76),
(155, 8, 16, 'MF', N'ホランド', N'オーストリア・ウィーン（オーストリア）', '1989-05-15', 180, 74),
(156, 8, 11, 'MF', N'オー', N'ユトレヒト（オランダ）', '1991-12-10', 170, 64),
(157, 8, 21, 'MF', N'ルオンゴ', N'スウィンドン（イングランド）', '1992-09-25', 176, 75),
(158, 8, 4, 'FW', N'ケーヒル', N'レッドブルズ（米国）', '1979-12-06', 178, 68),
(159, 8, 7, 'FW', N'レッキー', N'フランクフルト（ドイツ）', '1991-02-04', 180, 78),
(160, 8, 10, 'FW', N'ハロラン', N'デュッセルドルフ（ドイツ）', '1992-06-14', 180, 73),
(161, 8, 9, 'FW', N'タガート', N'ニューカッスル・ジェッツ', '1993-06-02', 183, 69),
(162, 6, 22, 'GK', N'フォルム', N'スウォンジー（イングランド）', '1983-10-20', 183, 86),
(163, 6, 23, 'GK', N'クルル', N'ニューカッスル（イングランド）', '1988-04-03', 193, 84),
(164, 6, 0, 'GK', N'シレッセン', N'アヤックス', '1989-04-22', 188, 82),
(165, 6, 12, 'DF', N'フェルハーフ', N'アウクスブルク（ドイツ）', '1983-09-01', 178, 72),
(166, 6, 0, 'DF', N'フラール', N'アストンビラ（イングランド）', '1985-02-16', 189, 80),
(167, 6, 0, 'DF', N'ヤンマート', N'フェイエノールト', '1989-07-22', 185, 80),
(168, 6, 0, 'DF', N'ブリント', N'アヤックス', '1990-03-09', 180, 72),
(169, 6, 13, 'DF', N'フェルトマン', N'アヤックス', '1992-01-15', 182, 73),
(170, 6, 0, 'DF', N'デフライ', N'フェイエノールト', '1992-02-05', 188, 78),
(171, 6, 0, 'DF', N'マルティンスインディ', N'フェイエノールト', '1992-02-08', 185, 76),
(172, 6, 14, 'DF', N'コンゴロ', N'フェイエノールト', '1994-02-14', 182, 74),
(173, 6, 10, 'MF', N'スナイダー', N'ガラタサライ（トルコ）', '1984-06-09', 170, 67),
(174, 6, 0, 'MF', N'デヨング', N'ACミラン（イタリア）', '1984-11-30', 174, 72),
(175, 6, 11, 'MF', N'ロッベン', N'Bミュンヘン（ドイツ）', '1984-01-23', 180, 80),
(176, 6, 0, 'MF', N'デグズマン', N'スウォンジー（イングランド）', '1987-09-13', 173, 65),
(177, 6, 18, 'MF', N'フェル', N'ノリッジ（イングランド）', '1990-01-05', 188, 79),
(178, 6, 16, 'MF', N'クラシー', N'フェイエノールト', '1991-06-27', 169, 68),
(179, 6, 20, 'MF', N'ワイナルドゥム', 'PSV', '1990-11-11', 173, 69),
(180, 6, 15, 'FW', N'カイト', N'フェネルバフチェ（トルコ）', '1980-07-22', 184, 77),
(181, 6, 0, 'FW', N'ファンペルシー', N'マンチェスターU（イングランド）', '1983-08-06', 183, 71),
(182, 6, 19, 'FW', N'フンテラール', N'シャルケ（ドイツ）', '1983-08-12', 183, 78),
(183, 6, 21, 'FW', N'デパイ', 'PSV', '1994-02-13', 176, 78),
(184, 6, 17, 'FW', N'レンス', N'ディナモ・キエフ（ウクライナ）', '1987-11-24', 178, 80),
(185, 9, 22, 'GK', N'モンドラゴン', N'デポルティボ・カリ', '1971-06-21', 191, 94),
(186, 9, 2, 'GK', N'オスピナ', N'ニース（フランス）', '1988-08-31', 183, 79),
(187, 9, 12, 'GK', N'バルガス', N'インディペンディエンテ・サンタフェ', '1989-03-09', 185, 80),
(188, 9, 3, 'DF', N'ジェペス', N'アタランタ（イタリア）', '1976-01-13', 186, 83),
(189, 9, 23, 'DF', N'バルデス', N'サン・ロレンソ（アルゼンチン）', '1985-05-22', 184, 80),
(190, 9, 18, 'DF', N'スニガ', N'ナポリ（イタリア）', '1985-12-14', 172, 72),
(191, 9, 2, 'DF', N'サパタ', N'ACミラン（イタリア）', '1986-09-30', 187, 82),
(192, 9, 7, 'DF', N'アルメロ', N'ウェストハム（イングランド）', '1986-11-02', 174, 73),
(193, 9, 4, 'DF', N'アリアス', N'PSV（オランダ）', '1992-01-13', 175, 72),
(194, 9, 16, 'DF', N'バランタ', N'リバープレート（アルゼンチン）', '1993-02-28', 181, 84),
(195, 9, 8, 'MF', N'アギラル', N'トゥールーズ（フランス）', '1985-01-06', 185, 78),
(196, 9, 6, 'MF', N'サンチェス', N'エルチェ（スペイン）', '1986-02-06', 182, 80),
(197, 9, 13, 'MF', N'グアリン', N'インテルミラノ（イタリア）', '1986-06-30', 183, 77),
(198, 9, 11, 'MF', N'グアドラード', N'フィオレンティナ（イタリア）', '1988-05-26', 176, 66),
(199, 9, 15, 'MF', N'メヒア', N'アトレチコ・ナシオナル', '1988-07-11', 177, 77),
(200, 9, 5, 'MF', N'カルボネロ', N'リバープレート（アルゼンチン）', '1990-07-25', 178, 77),
(201, 9, 10, 'MF', N'ロドリゲス', N'モナコ（フランス）', '1991-07-12', 180, 77),
(202, 9, 20, 'MF', N'キンテロ', N'ポルト（ポルトガル）', '1993-01-18', 169, 64),
(203, 9, 9, 'FW', N'グティエレス', N'リバープレート（アルゼンチン）', '1985-05-17', 178, 83),
(204, 9, 19, 'FW', N'ラモス', N'ヘルタ（ドイツ）', '1986-01-22', 185, 74),
(205, 9, 17, 'FW', N'バッカ', N'セビリア（スペイン）', '1986-09-08', 181, 77),
(206, 9, 21, 'FW', N'マルティネス', N'ポルト（ポルトガル）', '1986-10-03', 184, 75),
(207, 9, 14, 'FW', N'イバルボ', N'カリャリ（イタリア）', '1990-05-19', 188, 76),
(208, 10, 1, 'GK', N'カルネジス', N'グラナダ（スペイン）', '1985-07-11', 190, 84),
(209, 10, 12, 'GK', N'グリコス', 'PAOK', '1986-10-10', 189, 83),
(210, 10, 13, 'GK', N'カピノ', N'パナシナイコス', '1994-03-18', 196, 86),
(211, 10, 11, 'DF', N'ビントラ', N'レバンテ（スペイン）', '1981-02-05', 184, 76),
(212, 10, 5, 'DF', N'モラス', N'トリノ（イタリア）', '1981-08-26', 193, 78),
(213, 10, 20, 'DF', N'ホレバス', N'オリンピアコス', '1984-06-27', 184, 79),
(214, 10, 15, 'DF', N'トロシディス', N'ローマ（イタリア）', '1985-06-10', 185, 80),
(215, 10, 2, 'DF', N'マニアティス', N'オリンピアコス', '1986-10-12', 177, 71),
(216, 10, 3, 'DF', N'ツァベラス', 'PAOK', '1987-11-26', 183, 81),
(217, 10, 19, 'DF', N'パパスタソプロス', N'ドルトムント（ドイツ）', '1988-06-09', 185, 85),
(218, 10, 4, 'DF', N'マノラス', N'オリンピアコス', '1991-06-14', 186, 79),
(219, 10, 10, 'MF', N'カラグニス', N'フラム（イングランド）', '1977-03-06', 176, 74),
(220, 10, 21, 'MF', N'カツラニス', 'PAOK', '1979-06-21', 183, 81),
(221, 10, 6, 'MF', N'ツィオリス', N'カイセリスポル（トルコ）', '1985-02-13', 189, 84),
(222, 10, 16, 'MF', N'クリストドゥロプロス', N'ボローニャ（イタリア）', '1986-12-19', 183, 77),
(223, 10, 8, 'MF', N'コネ', N'ボローニャ（イタリア）', '1987-07-26', 182, 74),
(224, 10, 22, 'MF', N'A・サマラス', N'オリンピアコス', '1989-06-13', 189, 80),
(225, 10, 23, 'MF', N'タフツィディス', N'トリノ（イタリア）', '1991-02-15', 191, 86),
(226, 10, 17, 'FW', N'ゲカス', N'コンヤスポル（トルコ）', '1980-05-23', 179, 76),
(227, 10, 14, 'FW', N'サルピンギディス', 'PAOK', '1981-08-18', 172, 74),
(228, 10, 7, 'FW', N'サマラス', N'セルティック（スコットランド）', '1985-02-21', 193, 82),
(229, 10, 9, 'FW', N'ミトログル', N'フラム（イングランド）', '1988-03-12', 189, 86),
(230, 10, 18, 'FW', N'フェトファツィディス', N'ジェノア（イタリア）', '1990-12-21', 168, 64),
(231, 11, 1, 'GK', N'バリ', N'ロケレン', '1979-12-30', 180, 69),
(232, 11, 16, 'GK', N'グボウオ', N'セウェ・スポーツ', '1988-10-29', 184, 82),
(233, 11, 23, 'GK', N'マンデ', N'スタバエク', '1993-06-15', 188, 82),
(234, 11, 5, 'DF', N'ゾコラ', N'無所属', '1980-12-14', 179, 72),
(235, 11, 4, 'DF', N'K・トゥーレ', N'リバプール', '1981-03-19', 183, 76),
(236, 11, 3, 'DF', N'ボカ', N'シュツットガルト', '1981-03-19', 166, 67),
(237, 11, 22, 'DF', N'バンバ', N'トラブゾンスポル', '1985-01-13', 190, 90),
(238, 11, 18, 'DF', N'ジャクパ', N'フランクフルト', '1986-10-17', 177, 71),
(239, 11, 2, 'DF', N'ディアラスバ', N'リゼスポル', '1986-12-21', 186, 79),
(240, 11, 7, 'DF', N'アクパ', N'トゥールーズ', '1986-11-28', 180, 68),
(241, 11, 17, 'DF', N'オーリエ', N'トゥールーズ', '1992-12-24', 175, 75),
(242, 11, 19, 'MF', N'Y・トゥーレ', N'マンチェスターC', '1983-05-13', 188, 90),
(243, 11, 13, 'MF', N'ヤコナン', N'ハノーバー', '1984-02-25', 174, 67),
(244, 11, 20, 'MF', N'セレイ', N'バーゼル', '1984-11-07', 179, 77),
(245, 11, 9, 'MF', N'ティオテ', N'ニューカッスル', '1986-06-21', 180, 79),
(246, 11, 15, 'MF', N'グラデル', N'サンテティエンヌ', '1987-11-30', 180, 70),
(247, 11, 14, 'MF', N'ディオマンデ', N'サンテティエンヌ', '1992-08-28', 180, 75),
(248, 11, 11, 'FW', N'ドログバ', N'ガラタサライ', '1978-03-11', 189, 91),
(249, 11, 8, 'FW', N'カルー', N'リール', '1985-08-05', 184, 77),
(250, 11, 10, 'FW', N'ジェルビーニョ', N'ローマ', '1987-05-27', 179, 68),
(251, 11, 12, 'FW', N'ボニ', N'スウォンジー', '1988-12-10', 182, 88),
(252, 11, 21, 'FW', N'シオ', N'バーゼル', '1989-03-31', 181, 77),
(253, 11, 6, 'FW', N'ボリ', N'デュッセルドルフ', '1990-11-14', 185, 77),
(254, 16, 1, 'GK', N'ブフォン', N'ユベントス', '1978-01-28', 191, 83),
(255, 16, 12, 'GK', N'シリグ', N'パリサンジェルマン（フランス）', '1987-01-12', 192, 80),
(256, 16, 13, 'GK', N'ペリン', N'ジェノア', '1992-11-10', 188, 74),
(257, 16, 15, 'DF', N'バルザーリ', N'ユベントス', '1981-05-08', 186, 79),
(258, 16, 3, 'DF', N'キエリーニ', N'ユベントス', '1984-08-14', 186, 76),
(259, 16, 20, 'DF', N'パレッタ', N'パルマ', '1986-02-15', 190, 88),
(260, 16, 7, 'DF', N'アバテ', N'ACミラン', '1986-11-12', 180, 73),
(261, 16, 19, 'DF', N'ボヌッチ', N'ユベントス', '1987-05-01', 190, 82),
(262, 16, 4, 'DF', N'ダルミアン', N'トリノ', '1989-12-02', 182, 70),
(263, 16, 2, 'DF', N'デシリョ', N'ACミラン', '1992-10-20', 183, 74),
(264, 16, 21, 'MF', N'ピルロ', N'ユベントス', '1979-05-19', 177, 68),
(265, 16, 5, 'MF', N'モッタ', N'パリサンジェルマン（フランス）', '1982-08-28', 187, 83),
(266, 16, 16, 'MF', N'デロッシ', N'ローマ', '1983-07-24', 184, 81),
(267, 16, 14, 'MF', N'アクイラーニ', N'フィオレンティナ', '1984-07-07', 186, 77),
(268, 16, 18, 'MF', N'パローロ', N'パルマ', '1985-01-25', 186, 82),
(269, 16, 8, 'MF', N'マルキジオ', N'ユベントス', '1986-01-19', 179, 76),
(270, 16, 6, 'MF', N'カンドレバ', N'ラツィオ', '1987-02-28', 181, 72),
(271, 16, 23, 'MF', N'ベラッティ', N'パリサンジェルマン（フランス）', '1992-11-05', 165, 60),
(272, 16, 10, 'FW', N'カッサーノ', N'パルマ', '1982-07-12', 175, 73),
(273, 16, 11, 'FW', N'チェルチ', N'トリノ', '1987-07-23', 180, 78),
(274, 16, 17, 'FW', N'インモビレ', N'トリノ', '1990-02-20', 185, 78),
(275, 16, 9, 'FW', N'バロテリ', N'ACミラン', '1990-08-12', 189, 88),
(276, 16, 22, 'FW', N'インシニェ', N'ナポリ', '1991-06-04', 163, 59),
(277, 14, 18, 'GK', N'ペンベルトン', N'アラフエレンセ', '1982-04-24', 178, 75),
(278, 14, 23, 'GK', N'カンブロネロ', N'エレディアノ', '1986-01-08', 171, 71),
(279, 14, 1, 'GK', N'ナバス', N'レバンテ（スペイン）', '1986-12-15', 184, 78),
(280, 14, 4, 'DF', N'ウマニャ', N'サプリサ', '1982-07-16', 178, 73),
(281, 14, 2, 'DF', N'アコスタ', N'アラフエレンセ', '1983-07-21', 175, 80),
(282, 14, 15, 'DF', N'ディアス', N'マインツ（ドイツ）', '1983-09-12', 185, 76),
(283, 14, 8, 'DF', N'モラ', N'サプリサ', '1984-06-20', 178, 78),
(284, 14, 19, 'DF', N'ミラー', N'レッドブルズ', '1984-11-24', 187, 75),
(285, 14, 3, 'DF', N'ゴンザレス', N'クルー（米国）', '1988-02-08', 186, 72),
(286, 14, 6, 'DF', N'ドゥアルテ', N'ブリュージュ（ベルギー）', '1989-06-03', 184, 85),
(287, 14, 16, 'DF', N'ガンボア', N'ローゼンボリ（ノルウェー）', '1989-10-24', 175, 67),
(288, 14, 12, 'DF', N'フランシス', N'クルー（米国）', '1990-09-20', 177, 72),
(289, 14, 11, 'MF', N'バランテス', N'オーレスン（ノルウェー）', '1983-10-04', 177, 71),
(290, 14, 7, 'MF', N'ボラニョス', N'コペンハーゲン（デンマーク）', '1984-05-17', 179, 67),
(291, 14, 13, 'MF', N'グラナドス', N'エレディアノ', '1985-10-25', 183, 74),
(292, 14, 22, 'MF', N'クベロ', N'エレディアノ', '1987-02-14', 180, 75),
(293, 14, 5, 'MF', N'ボルヘス', N'AIKソルナ（スウェーデン）', '1988-05-27', 184, 78),
(294, 14, 20, 'MF', N'カルボ', N'バレレンガ（ノルウェー）', '1991-03-25', 178, 78),
(295, 14, 17, 'MF', N'テヘダ', N'サプリサ', '1992-03-17', 179, 66),
(296, 14, 14, 'FW', N'ブレネス', N'カルタヒネス', '1983-08-13', 175, 69),
(297, 14, 10, 'FW', N'ルイス', N'PSV（オランダ）', '1985-08-18', 186, 70),
(298, 14, 21, 'FW', N'ウレニャ', N'クバン（ロシア）', '1990-03-05', 179, 72),
(299, 14, 9, 'FW', N'キャンベル', N'オリンピアコス（ギリシャ）', '1992-06-26', 178, 70),
(300, 13, 12, 'GK', N'ムニョス', N'リベルタ', '1982-01-22', 181, 79),
(301, 13, 23, 'GK', N'シルバ', N'バスコ・ダ・ガマ（ブラジル）', '1983-03-25', 187, 82),
(302, 13, 1, 'GK', N'ムスレラ', N'ガラタサライ（トルコ）', '1986-06-16', 190, 77),
(303, 13, 2, 'DF', N'ルガノ', N'ウェストブロミッジ（イングランド）', '1980-11-02', 188, 83),
(304, 13, 16, 'DF', N'M・ペレイラ', N'ベンフィカ（ポルトガル）', '1984-06-08', 173, 70),
(305, 13, 4, 'DF', N'フシレ', N'ポルト（ポルトガル）', '1984-11-19', 178, 73),
(306, 13, 3, 'DF', N'ゴディン', N'Aマドリード（スペイン）', '1986-02-16', 185, 75),
(307, 13, 22, 'DF', N'カセレス', N'ユベントス（イタリア）', '1987-04-07', 182, 77),
(308, 13, 19, 'DF', N'コアテス', N'ナシオナル', '1990-10-07', 196, 85),
(309, 13, 13, 'DF', N'ヒメネス', N'Aマドリード（スペイン）', '1995-01-20', 185, 80),
(310, 13, 15, 'MF', N'ペレス', N'ボローニャ（イタリア）', '1980-05-18', 177, 81),
(311, 13, 17, 'MF', N'アレバロ', N'モレリア（メキシコ）', '1982-01-01', 168, 73),
(312, 13, 5, 'MF', N'ガルガノ', N'パルマ（イタリア）', '1984-07-23', 168, 65),
(313, 13, 20, 'MF', N'ゴンサレス', N'ラツィオ（イタリア）', '1984-10-29', 176, 72),
(314, 13, 7, 'MF', N'ロドリゲス', N'Aマドリード（スペイン）', '1985-09-30', 178, 81),
(315, 13, 6, 'MF', N'A・ペレイラ', N'サンパウロ（ブラジル）', '1985-11-28', 181, 78),
(316, 13, 14, 'MF', N'ロデイロ', N'ボタフォゴ（ブラジル）', '1989-03-21', 173, 69),
(317, 13, 18, 'MF', N'ラミレス', N'サウサンプトン（イングランド）', '1990-12-02', 183, 77),
(318, 13, 10, 'FW', N'フォルラン', N'C大阪（日本）', '1979-05-19', 180, 75),
(319, 13, 11, 'FW', N'ストゥアニ', N'エスパニョール（スペイン）', '1986-10-12', 186, 77),
(320, 13, 9, 'FW', N'スアレス', N'リバプール（イングランド）', '1987-01-24', 181, 81),
(321, 13, 21, 'FW', N'カバニ', N'パリサンジェルマン（フランス）', '1987-02-14', 184, 71),
(322, 13, 8, 'FW', N'エルナンデス', N'パレルモ（イタリア）', '1990-08-08', 185, 73),
(323, 15, 22, 'GK', N'フォスター', N'ウェストブロミッジ', '1983-04-03', 193, 90),
(324, 15, 1, 'GK', N'ハート', N'マンチェスターC', '1987-04-19', 196, 89),
(325, 15, 13, 'GK', N'フォースター', N'セルティック（スコットランド）', '1988-03-17', 201, 99),
(326, 15, 6, 'DF', N'ジャギエルカ', N'エバートン', '1982-08-17', 183, 83),
(327, 15, 2, 'DF', N'ジョンソン', N'リバプール', '1984-08-23', 182, 70),
(328, 15, 3, 'DF', N'ベーンズ', N'エバートン', '1984-12-11', 170, 74),
(329, 15, 5, 'DF', N'ケーヒル', N'チェルシー', '1985-12-19', 193, 86),
(330, 15, 19, 'DF', N'スターリング', N'マンチェスターU', '1989-11-22', 194, 90),
(331, 15, 16, 'DF', N'ジョーンズ', N'マンチェスターU', '1992-02-21', 185, 72),
(332, 15, 23, 'DF', N'ショー', N'サウサンプトン', '1995-07-12', 185, 75),
(333, 15, 8, 'MF', N'ランパード', N'チェルシー', '1978-06-20', 184, 88),
(334, 15, 4, 'MF', N'ジェラード', N'リバプール', '1980-05-30', 183, 83),
(335, 15, 17, 'MF', N'ミルナー', N'マンチェスターC', '1986-01-04', 176, 70),
(336, 15, 20, 'MF', N'ララーナ', N'サウサンプトン', '1988-05-10', 172, 73),
(337, 15, 14, 'MF', N'ヘンダーソン', N'リバプール', '1990-06-17', 182, 67),
(338, 15, 7, 'MF', N'ウィルシャー', N'アーセナル', '1992-01-01', 172, 68),
(339, 15, 15, 'MF', N'オクスレードチェンバレン', N'アーセナル', '1993-08-15', 180, 70),
(340, 15, 21, 'MF', N'バークリー', N'エバートン', '1993-12-05', 189, 76),
(341, 15, 19, 'MF', N'スターリング', N'リバプール', '1994-12-08', 170, 69),
(342, 15, 18, 'FW', N'ランバート', N'サウサンプトン', '1982-02-16', 187, 77),
(343, 15, 10, 'FW', N'ルーニー', N'マンチェスターU', '1985-10-24', 178, 86),
(344, 15, 9, 'FW', N'スタリッジ', N'リバプール', '1989-09-01', 183, 76),
(345, 15, 11, 'FW', N'ウェルベック', N'マンチェスターU', '1990-11-26', 185, 73),
(346, 18, 1, 'GK', N'バンゲラ', N'バルセロナ・グアヤキル', '1985-12-16', 187, 85),
(347, 18, 22, 'GK', N'ドミンゲス', N'LDUキト', '1987-06-05', 193, 80),
(348, 18, 12, 'GK', N'ボネ', N'エル・ナシオナル', '1988-09-08', 188, 85),
(349, 18, 10, 'DF', N'W・アジョビ', N'パチューカ（メキシコ）', '1979-08-11', 171, 68),
(350, 18, 2, 'DF', N'グアグア', N'エメレック', '1981-09-28', 180, 68),
(351, 18, 18, 'DF', N'バギ', N'エメレック', '1982-12-10', 172, 65),
(352, 18, 21, 'DF', N'アチリエル', N'エメレック', '1985-03-24', 183, 80),
(353, 18, 4, 'DF', N'パレデス', N'バルセロナ・グアヤキル', '1987-07-08', 174, 73),
(354, 18, 3, 'DF', N'エラソ', N'フラメンゴ（ブラジル）', '1988-05-05', 190, 65),
(355, 18, 8, 'MF', N'メンデス', N'インディペンディエンテ・サンタフェ', '1979-03-16', 178, 68),
(356, 18, 14, 'MF', N'カスティージョ', N'アルヒラル（サウジアラビア）', '1982-05-15', 179, 75),
(357, 18, 19, 'MF', N'サリタマ', N'バルセロナ・グアヤキル', '1983-10-20', 172, 67),
(358, 18, 6, 'MF', N'ノボア', N'ディナモ・モスクワ（ロシア）', '1985-04-09', 183, 77),
(359, 18, 16, 'MF', N'A・バレンシア', N'マンチェスターU（イングランド）', '1985-08-04', 178, 78),
(360, 18, 15, 'MF', N'アロジョ', N'アトランテ（米国）', '1987-04-23', 172, 70),
(361, 18, 5, 'MF', N'イバラ', N'フィテッセ（オランダ）', '1991-01-20', 174, 70),
(362, 18, 23, 'MF', N'グルエソ', N'シュツットガルト（ドイツ）', '1995-04-19', 171, 67),
(363, 18, 17, 'FW', N'J・アジョビ', N'ティフアナ（メキシコ）', '1988-02-21', 183, 75),
(364, 18, 11, 'FW', N'カイセド', N'アルジャジーラ（UAE）', '1988-09-05', 185, 78),
(365, 18, 9, 'FW', N'ロハス', N'クルスアスル（メキシコ）', '1989-06-14', 173, 68),
(366, 18, 7, 'FW', N'モンテロ', N'モレリア（メキシコ）', '1989-09-01', 173, 70),
(367, 18, 13, 'FW', N'E・バレンシア', N'パチューカ（メキシコ）', '1989-11-04', 174, 68),
(368, 18, 20, 'FW', N'マルティネス', N'ティフアナ（メキシコ）', '1990-02-15', 180, 74),
(369, 20, 18, 'GK', N'バジャダレス', N'オリンピア', '1977-05-03', 179, 82),
(370, 20, 22, 'GK', N'エスコベル', N'オリンピア', '1981-02-03', 180, 76),
(371, 20, 1, 'GK', N'ロペス', N'Rエスパーニャ', '1993-09-13', 182, 75),
(372, 20, 5, 'DF', N'ベルナルデス', N'サンノゼ・アースクエイクス（米国）', '1982-05-24', 187, 86),
(373, 20, 3, 'DF', N'フィゲロア', N'ハル（イングランド）', '1983-05-02', 182, 85),
(374, 20, 2, 'DF', N'O・チャベス', N'青島中能（中国）', '1984-07-29', 187, 86),
(375, 20, 4, 'DF', N'モンテス', N'モタグア', '1985-10-26', 191, 85),
(376, 20, 21, 'DF', N'ベケレス', N'オリンピア', '1985-11-28', 186, 80),
(377, 20, 7, 'DF', N'イザギレ', N'セルティック（スコットランド）', '1986-05-10', 177, 77),
(378, 20, 14, 'DF', N'J・ガルシア', N'ウィガン（イングランド）', '1988-03-08', 180, 76),
(379, 20, 10, 'MF', N'M・チャベス', N'コロラド・ラピッズ（米国）', '1983-11-03', 165, 69),
(380, 20, 8, 'MF', N'W・パラシオス', N'ストーク（イングランド）', '1984-07-29', 178, 71),
(381, 20, 14, 'MF', N'O・ガルシア', N'ヒューストン・ダイナモ（米国）', '1984-09-04', 175, 73),
(382, 20, 20, 'MF', N'クラロス', N'モタグア', '1986-01-08', 176, 67),
(383, 20, 15, 'MF', N'エスピノサ', N'ウィガン（イングランド）', '1986-10-25', 180, 73),
(384, 20, 12, 'MF', N'デルガド', N'Rエスパーニャ', '1986-11-20', 175, 70),
(385, 20, 23, 'MF', N'M・マルティネス', N'Rエスパーニャ', '1989-07-30', 173, 72),
(386, 20, 19, 'MF', N'ガリド', N'オリンピア', '1990-11-05', 174, 73),
(387, 20, 17, 'MF', N'ナハル', N'アンデルレヒト（ベルギー）', '1993-03-16', 171, 67),
(388, 20, 9, 'FW', N'J・パラシオス', N'アラフエレンセ（コスタリカ）', '1982-05-13', 181, 84),
(389, 20, 13, 'FW', N'コストリー', N'Rエスパーニャ', '1982-07-18', 190, 84),
(390, 20, 11, 'FW', N'ベントソン', N'ニューイングランド・レボリューション（米国）', '1987-04-08', 187, 70),
(391, 20, 16, 'FW', N'R・マルティネス', N'Rソシエダード（スペイン）', '1988-10-16', 180, 75),
(392, 17, 1, 'GK', N'ベナリオ', N'ウォルフスブルク（ドイツ）', '1983-09-08', 194, 89),
(393, 17, 12, 'GK', N'ゾマー', N'バーゼル', '1988-12-17', 183, 79),
(394, 17, 21, 'GK', N'ビュルキ', N'グラスホッパー', '1990-11-14', 187, 83),
(395, 17, 5, 'DF', N'フォンベルゲン', N'ヤングボーイズ', '1983-06-10', 183, 77),
(396, 17, 21, 'DF', N'リヒトシュタイナー', N'ユベントス（イタリア）', '1984-01-16', 180, 75),
(397, 17, 4, 'DF', N'センデロス', N'バレンシア（スペイン）', '1985-02-14', 190, 84),
(398, 17, 3, 'DF', N'ツィーグラー', N'サッスオロ（イタリア）', '1986-01-16', 183, 79),
(399, 17, 20, 'DF', N'ジュルー', N'ハンブルガーSV（ドイツ）', '1987-01-18', 191, 87),
(400, 17, 6, 'DF', N'ラング', N'グラスホッパー', '1991-02-08', 185, 79),
(401, 17, 22, 'DF', N'シェア', N'バーゼル', '1991-12-20', 186, 85),
(402, 17, 13, 'DF', N'ロドリゲス', N'ウォルフスブルク（ドイツ）', '1992-08-25', 180, 78),
(403, 17, 8, 'MF', N'インラー', N'ナポリ（イタリア）', '1984-06-27', 183, 80),
(404, 17, 11, 'MF', N'ベーラミ', N'ナポリ（イタリア）', '1985-04-19', 184, 78),
(405, 17, 7, 'MF', N'バルネッタ', N'フランクフルト（ドイツ）', '1985-05-22', 178, 68),
(406, 17, 15, 'MF', N'ジェマイリ', N'ナポリ（イタリア）', '1986-04-12', 179, 73),
(407, 17, 16, 'MF', N'フェルナンデス', N'フライブルク（ドイツ）', '1986-09-02', 183, 70),
(408, 17, 23, 'MF', N'シャキリ', N'Bミュンヘン（ドイツ）', '1991-10-10', 169, 72),
(409, 17, 10, 'MF', N'シャカ', N'ボルシアMG（ドイツ）', '1992-09-27', 185, 82),
(410, 17, 14, 'MF', N'シュトッカー', N'バーゼル', '1989-04-12', 179, 73),
(411, 17, 17, 'FW', N'ガブラノビッチ', N'チューリヒ', '1989-11-24', 175, 74),
(412, 17, 18, 'FW', N'メーメディ', N'フライブルク（ドイツ）', '1991-03-16', 182, 76),
(413, 17, 9, 'FW', N'セフェロビッチ', N'Rソシエダード（スペイン）', '1992-02-22', 185, 83),
(414, 17, 19, 'FW', N'ドルミッチ', N'ニュルンベルク（ドイツ）', '1992-08-08', 182, 70),
(415, 19, 23, 'GK', N'ランドロー', N'バスティア', '1979-05-14', 184, 85),
(416, 19, 16, 'GK', N'ルフィエ', N'サンテティエンヌ', '1986-09-27', 184, 74),
(417, 19, 1, 'GK', N'ロリス', N'トットナム（イングランド）', '1986-12-26', 188, 73),
(418, 19, 3, 'DF', N'エブラ', N'マンチェスターU（イングランド）', '1981-05-15', 175, 76),
(419, 19, 15, 'DF', N'サニャ', N'アーセナル（イングランド）', '1983-02-14', 176, 72),
(420, 19, 2, 'DF', N'ドビュシー', N'ニューカッスル（イングランド）', '1985-07-28', 178, 78),
(421, 19, 21, 'DF', N'コシールニ', N'アーセナル（イングランド）', '1985-09-10', 186, 75),
(422, 19, 5, 'DF', N'サコ', N'リバプール（イングランド）', '1990-02-13', 187, 83),
(423, 19, 13, 'DF', N'マンガラ', N'ポルト（ポルトガル）', '1991-02-13', 188, 81),
(424, 19, 4, 'DF', N'バラン', N'Rマドリード（スペイン）', '1993-04-25', 191, 78),
(425, 19, 17, 'DF', N'ディニュ', N'パリサンジェルマン', '1993-07-20', 178, 74),
(426, 19, 12, 'MF', N'マブバ', N'リール', '1984-03-08', 172, 74),
(427, 19, 8, 'MF', N'バルブエナ', N'マルセイユ', '1984-09-28', 167, 58),
(428, 19, 6, 'MF', N'カバイ', N'パリサンジェルマン', '1986-01-14', 173, 73),
(429, 19, 14, 'MF', N'マチュイディ', N'パリサンジェルマン', '1987-04-09', 175, 70),
(430, 19, 18, 'MF', N'シソコ', N'ニューカッスル（イングランド）', '1989-08-16', 187, 88),
(431, 19, 22, 'MF', N'シュネデルラン', N'サウサンプトン（イングランド）', '1989-11-08', 181, 75),
(432, 19, 7, 'MF', N'カベラ', N'モンペリエ', '1990-03-08', 172, 66),
(433, 19, 19, 'MF', N'ポグバ', N'ユベントス（イタリア）', '1993-03-15', 186, 80),
(434, 19, 9, 'FW', N'ジルー', N'アーセナル（イングランド）', '1986-09-30', 192, 88),
(435, 19, 20, 'FW', N'レミ', N'ニューカッスル（イングランド）', '1987-01-02', 185, 80),
(436, 19, 10, 'FW', N'ベンゼマ', N'Rマドリード（スペイン）', '1987-12-19', 184, 84),
(437, 19, 11, 'FW', N'グリーズマン', N'Rソシエダード（スペイン）', '1991-03-21', 176, 68),
(438, 21, 12, 'GK', N'オリオン', N'ボカ・ジュニアーズ', '1981-07-26', 187, 85),
(439, 21, 21, 'GK', N'アンドゥハル', N'カターニア（イタリア）', '1983-07-30', 194, 88),
(440, 21, 1, 'GK', N'ロメロ', N'モナコ（フランス）', '1987-02-22', 192, 88),
(441, 21, 3, 'DF', N'カンパニャロ', N'インテルミラノ（イタリア）', '1980-06-27', 181, 85),
(442, 21, 15, 'DF', N'デミチェリス', N'マンチェスターC（イングランド）', '1980-12-20', 184, 80),
(443, 21, 23, 'DF', N'バサンタ', N'モンテレイ（メキシコ）', '1984-04-03', 188, 78),
(444, 21, 4, 'DF', N'サバレタ', N'マンチェスターC（イングランド）', '1985-01-16', 178, 76),
(445, 21, 2, 'DF', N'ガライ', N'ベンフィカ（ポルトガル）', '1986-10-10', 192, 85),
(446, 21, 17, 'DF', N'F・フェルナンデス', N'ナポリ（イタリア）', '1989-02-21', 189, 81),
(447, 21, 16, 'DF', N'ロホ', N'スポルティング（ポルトガル）', '1990-03-20', 186, 82),
(448, 21, 11, 'MF', N'ロドリゲス', N'ニューウェルス', '1981-01-02', 180, 74),
(449, 21, 14, 'MF', N'マスケラーノ', N'バルセロナ（スペイン）', '1984-06-08', 174, 74),
(450, 21, 6, 'MF', N'ビリア', N'ラツィオ（イタリア）', '1986-01-30', 178, 74),
(451, 21, 8, 'MF', N'ペレス', N'ベンフィカ（ポルトガル）', '1986-02-22', 177, 77),
(452, 21, 5, 'MF', N'ガゴ', N'ボカ・ジュニアーズ', '1986-04-10', 178, 70),
(453, 21, 13, 'MF', N'A・フェルナンデス', N'セルタ（スペイン）', '1986-04-10', 177, 71),
(454, 21, 7, 'MF', N'ディマリア', N'Rマドリード（スペイン）', '1988-02-14', 180, 75),
(455, 21, 19, 'MF', N'アルバレス', N'インテルミラノ（イタリア）', '1988-04-12', 188, 84),
(456, 21, 18, 'FW', N'パラシオ', N'インテルミラノ（イタリア）', '1982-02-05', 175, 70),
(457, 21, 22, 'FW', N'ラベッシ', N'パリサンジェルマン（フランス）', '1985-05-03', 173, 75),
(458, 21, 10, 'FW', N'メッシ', N'バルセロナ（スペイン）', '1987-06-24', 169, 67),
(459, 21, 9, 'FW', N'イグアイン', N'ナポリ（イタリア）', '1987-12-10', 184, 82),
(460, 21, 20, 'FW', N'アグエロ', N'マンチェスターC（イングランド）', '1988-06-02', 173, 70),
(461, 22, 22, 'GK', N'アブドゥキッチ', N'バニャ・ルカ', '1981-05-13', 190, 89),
(462, 22, 12, 'GK', N'フェイジッチ', N'アーレン（ドイツ）', '1986-05-15', 198, 95),
(463, 22, 1, 'GK', N'ベゴビッチ', N'ストーク（イングランド）', '1987-06-20', 196, 83),
(464, 22, 4, 'DF', N'スパヒッチ', N'レーバークーゼン（ドイツ）', '1980-08-18', 186, 77),
(465, 22, 15, 'DF', N'スニッチ', N'ゾリャ・ルハンシク（ウクライナ）', '1988-12-15', 192, 80),
(466, 22, 6, 'DF', N'ブラニェス', N'エラズースポル（トルコ）', '1989-10-24', 185, 83),
(467, 22, 3, 'DF', N'ビチャクチッチ', N'ブラウンシュバイク（ドイツ）', '1990-01-24', 185, 83),
(468, 22, 7, 'DF', N'ベシッチ', N'フェレンツバーロシュ（ハンガリー）', '1992-09-10', 180, 77),
(469, 22, 5, 'DF', N'コラシナッツ', N'シャルケ（ドイツ）', '1993-06-20', 183, 82),
(470, 22, 10, 'MF', N'ミシモビッチ', N'貴州人和（中国）', '1982-06-05', 180, 79),
(471, 22, 13, 'MF', N'ムイジャ', N'フライブルク（ドイツ）', '1984-03-28', 185, 77),
(472, 22, 23, 'MF', N'サリホビッチ', N'ホッフェンハイム（ドイツ）', '1984-10-08', 182, 79),
(473, 22, 18, 'MF', N'メドゥニャニン', N'ガジアンテプスポル（トルコ）', '1985-03-08', 188, 83),
(474, 22, 17, 'MF', N'イブリチッチ', N'カイセリ・エルジーエススポル（トルコ）', '1985-09-26', 181, 80),
(475, 22, 16, 'MF', N'ルリッチ', N'ラツィオ（イタリア）', '1986-01-18', 183, 75),
(476, 22, 2, 'MF', N'ブルシャイエビッチ', N'ハイデュク・スプリト（クロアチア）', '1986-03-06', 179, 73),
(477, 22, 21, 'MF', N'ハジッチ', N'グラーツ（オーストリア）', '1989-08-16', 184, 73),
(478, 22, 19, 'MF', N'ビシュチャ', N'イスタンブール（トルコ）', '1990-02-17', 172, 68),
(479, 22, 8, 'MF', N'ピャニッチ', N'ローマ（イタリア）', '1990-04-02', 180, 68),
(480, 22, 20, 'MF', N'ハイロビッチ', N'ガラタサライ（トルコ）', '1991-08-04', 177, 83),
(481, 22, 14, 'MF', N'スシッチ', N'ハイデュク・スプリト（クロアチア）', '1992-02-13', 186, 77),
(482, 22, 9, 'FW', N'イビシェビッチ', N'シュツットガルト（ドイツ）', '1984-08-06', 188, 82),
(483, 22, 11, 'FW', N'ジェコ', N'マンチェスターC（イングランド）', '1986-03-17', 193, 84),
(484, 23, 1, 'GK', N'アハマディ', N'セパハン', '1980-07-30', 184, 77),
(485, 23, 22, 'GK', N'ダバリ', N'ブラウンシュバイク（ドイツ）', '1988-01-06', 192, 85),
(486, 23, 12, 'GK', N'A・ハギギ', N'コビリャン（ポルトガル）', '1988-05-02', 193, 87),
(487, 23, 5, 'DF', N'サデギ', N'エステグラル', '1981-09-06', 188, 78),
(488, 23, 4, 'DF', N'ホセイニ', N'ペルセポリス', '1982-02-03', 184, 80),
(489, 23, 17, 'DF', N'アルナメ', N'ナフト・テヘラン', '1982-10-20', 186, 78),
(490, 23, 15, 'DF', N'モンタゼリ', N'ウムサラル（カタール）', '1983-09-06', 186, 80),
(491, 23, 0, 'DF', N'ヘイダリ', N'エステグラル', '1983-09-14', 182, 61),
(492, 23, 19, 'DF', N'ベイクザデ', N'エステグラル', '1984-01-22', 189, 78),
(493, 23, 13, 'DF', N'マヒニ', N'ペルセポリス', '1986-09-16', 170, 64),
(494, 23, 20, 'DF', N'ベイタシュル', N'ホワイトキャップス（カナダ）', '1987-02-01', 178, 77),
(495, 23, 23, 'DF', N'プーラディ', N'ペルセポリス', '1987-02-26', 181, 74),
(496, 23, 6, 'MF', N'ネクナム', N'アルクウェート（クウェート）', '1980-09-07', 186, 78),
(497, 23, 14, 'MF', N'ティモリアン', N'エステグラル', '1983-03-06', 180, 73),
(498, 23, 11, 'MF', N'ハダディファル', N'ゾバハン', '1983-07-12', 180, 78),
(499, 23, 8, 'MF', N'R・ハギギ', N'ペルセポリス', '1989-02-01', 191, 80),
(500, 23, 3, 'MF', N'ハジサフィ', N'セパハン', '1990-02-25', 168, 65),
(501, 23, 18, 'MF', N'ラハマニ', N'フーラド', '1991-09-23', 178, 75),
(502, 23, 7, 'FW', N'ショジャエイ', N'ラスパルマス（スペイン）', '1984-06-09', 184, 75),
(503, 23, 21, 'FW', N'デヤガ', N'フラム（イングランド）', '1986-07-05', 181, 79),
(504, 23, 16, 'FW', N'グーチャンネジャド', N'チャールトン（イングランド）', '1987-09-20', 180, 77),
(505, 23, 10, 'FW', N'アンサリファルド', N'トラークトゥール', '1990-04-03', 175, 77),
(506, 23, 9, 'FW', N'ジャハンバフシュ', N'NEC（オランダ）', '1993-08-11', 180, 78),
(507, 24, 1, 'GK', N'エニェアマ', N'リール（フランス）', '1982-08-29', 182, 87),
(508, 24, 16, 'GK', N'エジデ', N'ハポエル（イスラエル）', '1984-04-08', 188, 90),
(509, 24, 21, 'GK', N'アグビム', N'ゴンベ', '1984-11-28', 187, 83),
(510, 24, 2, 'DF', N'ヨボ', N'ノリッジ（イングランド）', '1980-09-06', 185, 76),
(511, 24, 5, 'DF', N'アンブローズ', N'セルティック（スコットランド）', '1988-10-18', 190, 70),
(512, 24, 6, 'DF', N'エグウエクウェ', N'ウォリ・ウルブス', '1989-07-16', 195, 91),
(513, 24, 13, 'DF', N'オシャニワ', N'アシドッド（イスラエル）', '1990-09-14', 176, 69),
(514, 24, 14, 'DF', N'オボアボナ', N'リゼスポル（トルコ）', '1990-09-16', 186, 82),
(515, 24, 12, 'DF', N'オドゥンラミ', N'サンシャイン・スターズ', '1991-04-30', 187, 70),
(516, 24, 22, 'DF', N'オメルオ', N'ミドルスブラ（イングランド）', '1993-10-17', 185, 81),
(517, 24, 10, 'MF', N'ミケル', N'チェルシー（イングランド）', '1987-04-22', 188, 83),
(518, 24, 3, 'MF', N'ウゾエニ', N'エヌグ・レンジャーズ', '1988-03-23', 168, 63),
(519, 24, 20, 'MF', N'ウチェボ', N'セルクルブリュージュ（ベルギー）', '1990-02-03', 194, 86),
(520, 24, 4, 'MF', N'ガブリエル', N'ベヘレン（ベルギー）', '1990-09-25', 195, 80),
(521, 24, 15, 'MF', N'モーゼス', N'ベヘレン（ベルギー）イングランド）', '1990-12-12', 179, 73),
(522, 24, 15, 'MF', N'アジーズ', N'アルメリア（スペイン）', '1992-12-12', 169, 67),
(523, 24, 17, 'MF', N'オナジ', N'ラツィオ（イタリア）', '1992-12-25', 173, 73),
(524, 24, 8, 'FW', N'オデムウィンジ', N'ストーク（イングランド）', '1981-07-15', 181, 78),
(525, 24, 23, 'FW', N'アメオビ', N'ニューカッスル（イングランド）', '1981-10-12', 191, 95),
(526, 24, 9, 'FW', N'エメニケ', N'フェネルバフチェ（トルコ）', '1987-05-10', 182, 75),
(527, 24, 19, 'FW', N'ヌウォフォー', N'ヘーレンフェイン（オランダ）', '1991-09-17', 183, 73),
(528, 24, 7, 'FW', N'ムサ', N'CSKAモスクワ（ロシア）', '1992-10-14', 168, 69),
(529, 24, 18, 'FW', N'ババトゥンデ', N'ボリン・ルーツィク（ウクライナ）', '1992-12-24', 179, 76),
(530, 25, 22, 'GK', N'ワイデンフェラー', N'ドルトムント', '1980-08-06', 188, 85),
(531, 25, 1, 'GK', N'ノイアー', N'Bミュンヘン', '1986-03-27', 193, 92),
(532, 25, 12, 'GK', N'ツィーラー', N'ハノーバー', '1989-02-12', 188, 83),
(533, 25, 16, 'DF', N'ラーム', N'Bミュンヘン', '1983-11-11', 170, 66),
(534, 25, 17, 'DF', N'メルテザッカー', N'アーセナル（イングランド）', '1984-09-29', 198, 90),
(535, 25, 4, 'DF', N'ヘベデス', N'シャルケ', '1988-02-29', 187, 80),
(536, 25, 2, 'DF', N'グロスクロイツ', N'ドルトムント', '1988-07-19', 186, 72),
(537, 25, 20, 'DF', N'ボアテング', N'Bミュンヘン', '1988-09-03', 192, 90),
(538, 25, 5, 'DF', N'フンメルス', N'ドルトムント', '1988-12-16', 192, 90),
(539, 25, 21, 'DF', N'ムスタフィ', N'サンプドリア（イタリア）', '1992-04-17', 184, 82),
(540, 25, 15, 'DF', N'ドゥルム', N'ドルトムント', '1992-05-12', 183, 73),
(541, 25, 7, 'MF', N'シュバインシュタイガー', N'Bミュンヘン', '1984-08-01', 183, 79),
(542, 25, 10, 'MF', N'ポドルスキ', N'アーセナル（イングランド）', '1985-06-04', 182, 83),
(543, 25, 6, 'MF', N'ケディラ', N'Rマドリード（スペイン）', '1987-04-04', 189, 81),
(544, 25, 8, 'MF', N'エジル', N'アーセナル（イングランド）', '1988-10-15', 183, 76),
(545, 25, 13, 'MF', N'ミュラー', N'Bミュンヘン', '1989-09-13', 186, 75),
(546, 25, 18, 'MF', N'クロース', N'Bミュンヘン', '1990-01-04', 182, 78),
(547, 25, 9, 'MF', N'シュルレ', N'チェルシー（イングランド）', '1990-11-06', 184, 74),
(548, 25, 23, 'MF', N'クラマー', N'ボルシアMG', '1991-02-19', 189, 82),
(549, 25, 19, 'MF', N'ゲッツェ', N'Bミュンヘン', '1992-06-03', 176, 64),
(550, 25, 14, 'MF', N'ドラクスラー', N'シャルケ', '1993-09-20', 185, 74),
(551, 25, 3, 'MF', N'ギンター', N'フライブルク', '1994-01-19', 188, 85),
(552, 25, 11, 'FW', N'クローゼ', N'ラツィオ（イタリア）', '1978-06-09', 184, 84),
(553, 26, 22, 'GK', N'ベト', N'セビリア（スペイン）', '1982-05-01', 182, 81),
(554, 26, 1, 'GK', N'エドゥアルド', N'ブラガ', '1982-09-19', 187, 84),
(555, 26, 12, 'GK', N'ルイパトリシオ', N'スポルティング', '1988-02-15', 190, 85),
(556, 26, 13, 'DF', N'コスタ', N'バレンシア（スペイン）', '1981-05-16', 183, 80),
(557, 26, 2, 'DF', N'アルベス', N'フェネルバフチェ（トルコ）', '1981-11-27', 188, 83),
(558, 26, 3, 'DF', N'ペペ', N'Rマドリード（スペイン）', '1983-02-26', 188, 81),
(559, 26, 21, 'DF', N'ペレイラ', N'バレンシア（スペイン）', '1984-02-25', 172, 70),
(560, 26, 5, 'DF', N'コエントラン', N'Rマドリード（スペイン）', '1988-03-11', 179, 70),
(561, 26, 14, 'DF', N'ネト', N'ゼニト（ロシア）', '1988-05-26', 187, 71),
(562, 26, 19, 'DF', N'A・アルメイダ', N'ベンフィカ', '1990-09-10', 186, 75),
(563, 26, 16, 'MF', N'メイレレス', N'フェネルバフチェ（トルコ）', '1983-03-17', 180, 70),
(564, 26, 20, 'MF', N'アモリン', N'ベンフィカ', '1985-01-27', 180, 78),
(565, 26, 4, 'MF', N'ベロゾ', N'ディナモ・キエフ（ウクライナ）', '1986-05-11', 180, 78),
(566, 26, 8, 'MF', N'モウティーニョ', N'モナコ（フランス）', '1986-09-08', 170, 61),
(567, 26, 6, 'MF', N'カルバリョ', N'スポルティング', '1992-04-07', 187, 87),
(568, 26, 23, 'FW', N'ポスティガ', N'ラツィオ（イタリア）', '1982-08-02', 182, 74),
(569, 26, 9, 'FW', N'H・アルメイダ', N'ベシクタシュ（トルコ）', '1984-05-23', 191, 86),
(570, 26, 18, 'FW', N'バレラ', N'ポルト', '1985-02-02', 179, 79),
(571, 26, 7, 'FW', N'C・ロナルド', N'Rマドリード（スペイン）', '1985-02-05', 185, 80),
(572, 26, 10, 'FW', N'ビエイリーニャ', N'ウォルフスブルク（ドイツ）', '1986-01-24', 172, 73),
(573, 26, 17, 'FW', N'ナニ', N'マンチェスターU（イングランド）', '1986-11-17', 175, 66),
(574, 26, 11, 'FW', N'エデル', N'ブラガ', '1987-12-22', 188, 81),
(575, 26, 15, 'FW', N'ラファ', N'ブラガ', '1993-05-17', 170, 66),
(576, 28, 1, 'GK', N'ハワード', N'エバートン（イングランド）', '1979-03-06', 187, 88),
(577, 28, 22, 'GK', N'リマンド', N'レアル・ソルトレーク（米国）', '1979-06-17', 180, 82),
(578, 28, 12, 'GK', N'グザン', N'アストンビラ（イングランド）', '1984-09-09', 193, 95),
(579, 28, 7, 'DF', N'ビーズリー', N'プエブラ（メキシコ）', '1982-05-24', 173, 66),
(580, 28, 20, 'DF', N'キャメロン', N'ストーク（イングランド）', '1985-07-11', 190, 84),
(581, 28, 5, 'DF', N'ベスラー', N'スポルティング・カンザスシティ（米国）', '1987-02-11', 183, 77),
(582, 28, 23, 'DF', N'ジョンソン', N'ホッフェンハイム（ドイツ）', '1987-12-11', 183, 74),
(583, 28, 3, 'DF', N'ゴンザレス', N'LAギャラクシー（米国）', '1988-10-11', 196, 93),
(584, 28, 21, 'DF', N'チャンドラー', N'ニュルンベルク（ドイツ）', '1990-03-29', 186, 83),
(585, 28, 6, 'DF', N'ブルックス', N'ヘルタ（ドイツ）', '1993-01-28', 193, 78),
(586, 28, 2, 'DF', N'イエドリン', N'シアトル（米国）', '1993-07-09', 173, 68),
(587, 28, 13, 'MF', N'ジョーンズ', N'ベシクタシュ（トルコ）', '1981-11-03', 184, 81),
(588, 28, 14, 'MF', N'デービス', N'ヒューストン・ダイナモ（米国）', '1981-11-08', 180, 75),
(589, 28, 15, 'MF', N'ベッカーマン', N'レアル・ソルトレーク（米国）', '1982-04-23', 178, 75),
(590, 28, 19, 'MF', N'ズシ', N'スポルティング・カンザスシティ（米国）', '1986-08-18', 178, 73),
(591, 28, 11, 'MF', N'ベドヤ', N'ナント（フランス）', '1987-04-29', 178, 73),
(592, 28, 4, 'MF', N'ブラッドリー', N'トロント（米国）', '1987-07-31', 186, 81),
(593, 28, 10, 'MF', N'ディスケルード', N'ローゼンボリ（ノルウェー）', '1990-10-02', 184, 71),
(594, 28, 16, 'MF', N'グリーン', N'Bミュンヘン（ドイツ）', '1995-06-06', 172, 60),
(595, 28, 18, 'FW', N'ウォンドロウスキ', N'サンノゼ・アースクエイクス（米国）', '1983-01-28', 183, 75),
(596, 28, 8, 'FW', N'デンプシー', N'シアトル・サウンダーズ（米国）', '1983-03-09', 185, 77),
(597, 28, 17, 'FW', N'アルティドア', N'サンダーランド（イングランド）', '1989-11-06', 185, 72),
(598, 28, 9, 'FW', N'ヨハンソン', N'AZ（オランダ）', '1990-11-10', 184, 70),
(599, 27, 16, 'GK', N'ダウダ', N'オーランド（南アフリカ）', '1985-04-06', 180, 80),
(600, 27, 12, 'GK', N'クワラシー', N'ストレームスゴトセト（ノルウェー）', '1987-12-12', 187, 81),
(601, 27, 1, 'GK', N'アダムス', N'アドゥアナ', '1989-09-28', 186, 78),
(602, 27, 23, 'DF', N'アフル', N'エスペランス（チュニジア）', '1986-07-24', 170, 68),
(603, 27, 21, 'DF', N'ボイエ', N'レンヌ（フランス）', '1987-04-23', 185, 72),
(604, 27, 2, 'DF', N'インコーム', N'プラタニアス（ギリシャ）', '1989-06-01', 179, 75),
(605, 27, 19, 'DF', N'メンサ', N'エビアン（フランス）', '1990-07-13', 188, 83),
(606, 27, 4, 'DF', N'オパレ', N'スタンダール（ベルギー）', '1990-10-18', 175, 73),
(607, 27, 15, 'DF', N'スマイラ', N'サンダウンズ（南アフリカ）', '1992-12-18', 196, 80),
(608, 27, 5, 'MF', N'エシエン', N'ACミラン（イタリア）', '1982-12-03', 177, 85),
(609, 27, 11, 'MF', N'ムンタリ', N'ACミラン（イタリア）', '1984-08-27', 179, 76),
(610, 27, 9, 'MF', N'ボアテング', N'シャルケ（ドイツ）', '1987-03-06', 185, 86),
(611, 27, 14, 'MF', N'アドマ', N'ミドルスブラ（イングランド）', '1987-12-13', 185, 74),
(612, 27, 20, 'MF', N'アサモア', N'ユベントス（イタリア）', '1988-12-09', 178, 78),
(613, 27, 10, 'MF', N'A・アユー', N'マルセイユ（フランス）', '1989-12-17', 176, 72),
(614, 27, 17, 'MF', N'モハメド', N'クバン（ロシア）', '1989-12-31', 187, 74),
(615, 27, 22, 'MF', N'ワカソ', N'ルビン（ロシア）', '1990-07-25', 171, 66),
(616, 27, 8, 'MF', N'アグエマングバドゥ', N'ウディネーゼ（イタリア）', '1990-12-02', 172, 71),
(617, 27, 7, 'MF', N'アツ', N'フィテッセ（オランダ）', '1992-01-10', 172, 68),
(618, 27, 6, 'MF', N'アックア', N'パルマ（イタリア）', '1992-05-01', 179, 70),
(619, 27, 3, 'FW', N'ジャン', N'アルアイン（UAE）', '1985-11-22', 180, 80),
(620, 27, 13, 'FW', N'J・アユー', N'ソショー（フランス）', '1991-09-11', 182, 80),
(621, 27, 18, 'FW', N'ワリス', N'バランシエンヌ（フランス）', '1991-09-19', 172, 72),
(622, 29, 13, 'GK', N'ボッシュ', N'ワーレゲム', '1985-08-11', 187, 73),
(623, 29, 12, 'GK', N'ミニョレ', N'リバプール（イングランド）', '1988-03-06', 193, 87),
(624, 29, 1, 'GK', N'クルトワ', N'Aマドリード（スペイン）', '1992-05-11', 199, 91),
(625, 29, 15, 'DF', N'バンビュイテン', N'Bミュンヘン（ドイツ）', '1978-02-07', 197, 95),
(626, 29, 18, 'DF', N'ロンバルツ', N'ゼニト（ロシア）', '1985-03-20', 188, 83),
(627, 29, 23, 'DF', N'シマン', N'スタンダール', '1985-08-05', 184, 70),
(628, 29, 5, 'DF', N'フェルマーレン', N'アーセナル（イングランド）', '1985-11-14', 180, 75),
(629, 29, 4, 'DF', N'コンパニー', N'マンチェスターC（イングランド）', '1986-04-10', 190, 85),
(630, 29, 5, 'DF', N'フェルトンゲン', N'トットナム（イングランド）', '1987-04-24', 189, 86),
(631, 29, 21, 'DF', N'バンデンボレ', N'アンデルレヒト', '1987-10-24', 182, 89),
(632, 29, 2, 'DF', N'アルデルウェイレルト', N'Aマドリード（スペイン）', '1989-03-02', 187, 80),
(633, 29, 19, 'MF', N'デンベレ', N'トットナム（イングランド）', '1987-07-16', 185, 82),
(634, 29, 8, 'MF', N'フェライニ', N'マンチェスターU（イングランド）', '1987-11-22', 194, 85),
(635, 29, 16, 'MF', N'デフール', N'ポルト（ポルトガル）', '1988-04-15', 174, 70),
(636, 29, 6, 'MF', N'ウィツェル', N'ゼニト（ロシア）', '1989-01-12', 186, 73),
(637, 29, 22, 'MF', N'シャドリ', N'トットナム（イングランド）', '1989-09-02', 187, 80),
(638, 29, 7, 'MF', N'デブルイネ', N'ウォルフスブルク（ドイツ）', '1991-06-28', 181, 68),
(639, 29, 14, 'FW', N'メルテンス', N'ナポリ（イタリア）', '1987-05-06', 169, 61),
(640, 29, 11, 'FW', N'ミララス', N'エバートン（イングランド）', '1987-10-05', 179, 68),
(641, 29, 10, 'FW', N'アザール', N'チェルシー（イングランド）', '1991-01-07', 173, 74),
(642, 29, 9, 'FW', N'ルカク', N'エバートン（イングランド）', '1993-05-13', 190, 100),
(643, 29, 20, 'FW', N'ヤヌザイ', N'マンチェスターU（イングランド）', '1995-02-05', 180, 75),
(644, 29, 17, 'FW', N'オリジ', N'リール（フランス）', '1995-03-18', 185, 75),
(645, 31, 16, 'GK', N'ルイジコフ', N'ルビン', '1980-09-19', 194, 92),
(646, 31, 1, 'GK', N'アキンフェーフ', N'CSKAモスクワ', '1986-04-08', 186, 82),
(647, 31, 12, 'GK', N'ロドイギン', N'ゼニト', '1990-05-26', 187, 82),
(648, 31, 4, 'DF', N'イグナシェビッチ', N'CSKAモスクワ', '1979-07-14', 186, 84),
(649, 31, 14, 'DF', N'ベレズツキ', N'CSKAモスクワ', '1982-06-20', 189, 87),
(650, 31, 22, 'DF', N'エシュチェンコ', N'アンジ', '1984-02-09', 176, 77),
(651, 31, 2, 'DF', N'コズロフ', N'ディナモ・モスクワ', '1986-12-25', 186, 78),
(652, 31, 23, 'DF', N'コンバロフ', N'スパルタク・モスクワ', '1987-01-22', 181, 72),
(653, 31, 13, 'DF', N'グラナト', N'ディナモ・モスクワ', '1987-05-22', 184, 80),
(654, 31, 5, 'DF', N'セメノフ', N'テレク', '1989-03-24', 190, 86),
(655, 31, 3, 'DF', N'シェンニコフ', N'CSKAモスクワ', '1991-04-27', 178, 71),
(656, 31, 18, 'MF', N'ジルコフ', N'ディナモ・モスクワ', '1983-08-20', 180, 75),
(657, 31, 7, 'MF', N'デニソフ', N'ディナモ・モスクワ', '1984-05-17', 176, 70),
(658, 31, 19, 'MF', N'サメドフ', N'クラスノダール', '1984-07-19', 177, 75),
(659, 31, 20, 'MF', N'ファイズリン', N'ゼニト', '1986-04-22', 176, 72),
(660, 31, 8, 'MF', N'グルシャコフ', N'スパルタク・モスクワ', '1987-01-27', 182, 80),
(661, 31, 21, 'MF', N'イオノフ', N'ディナモ・モスクワ', '1989-02-18', 177, 69),
(662, 31, 10, 'MF', N'ジャゴエフ', N'CSKAモスクワ', '1990-06-17', 179, 75),
(663, 31, 17, 'MF', N'シャトフ', N'ゼニト', '1990-07-29', 173, 73),
(664, 31, 15, 'MF', N'モギレベツ', N'ルビン', '1993-01-25', 183, 70),
(665, 31, 11, 'FW', N'ケルジャコフ', N'ゼニト', '1982-11-27', 176, 76),
(666, 31, 9, 'FW', N'ココリン', N'ディナモ・モスクワ', '1991-03-19', 183, 77),
(667, 31, 6, 'FW', N'カヌンニコフ', N'アムカル', '1991-07-14', 183, 74),
(668, 30, 1, 'GK', N'シモハメド', N'CSコンスタチヌ', '1985-01-09', 183, 78),
(669, 30, 16, 'GK', N'ゼマムーシュ', N'USMアルジェ', '1985-03-19', 186, 82),
(670, 30, 23, 'GK', N'エムボリ', N'CSKAソフィア（ブルガリア）', '1986-04-25', 190, 83),
(671, 30, 2, 'DF', N'ブゲラ', N'レクウィヤ（カタール）', '1982-10-07', 190, 93),
(672, 30, 22, 'DF', N'モスタファ', N'アジャクシオ（フランス）', '1983-08-30', 181, 82),
(673, 30, 6, 'DF', N'メスバハ', N'リボルノ（イタリア）', '1984-10-09', 181, 74),
(674, 30, 12, 'DF', N'メジャニ', N'バランシエンヌ（フランス）', '1985-05-15', 183, 84),
(675, 30, 5, 'DF', N'ハリシェ', N'コインブラ（ポルトガル）', '1986-09-02', 187, 77),
(676, 30, 17, 'DF', N'カダムロ', N'マジョルカ（スペイン）', '1988-03-05', 188, 81),
(677, 30, 4, 'DF', N'ベルカレム', N'ワトフォード（イングランド）', '1989-01-01', 195, 90),
(678, 30, 3, 'DF', N'グラム', N'ナポリ（イタリア）', '1991-02-01', 186, 80),
(679, 30, 20, 'DF', N'マンディ', N'ランス（フランス）', '1991-10-22', 184, 78),
(680, 30, 8, 'MF', N'ラセン', N'ヘタフェ（スペイン）', '1984-03-15', 176, 70),
(681, 30, 7, 'MF', N'イエブダ', N'ウディネーゼ（イタリア）', '1984-05-14', 187, 77),
(682, 30, 10, 'MF', N'フェグリ', N'バレンシア（スペイン）', '1989-12-26', 178, 71),
(683, 30, 11, 'MF', N'ブラヒミ', N'グラナダ（スペイン）', '1990-02-08', 175, 69),
(684, 30, 19, 'MF', N'タイデル', N'インテルミラノ（イタリア）', '1992-02-29', 180, 73),
(685, 30, 14, 'MF', N'ベンタレブ', N'トットナム（イングランド）', '1994-11-24', 187, 68),
(686, 30, 18, 'MF', N'ジャブ', N'クラブ・アフリカン（チュニジア）', '1987-01-31', 164, 58),
(687, 30, 15, 'FW', N'スダニ', N'ディナモ・ザグレブ（クロアチア）', '1987-11-25', 182, 75),
(688, 30, 13, 'FW', N'スリマニ', N'スポルティング（ポルトガル）', '1988-06-18', 188, 79),
(689, 30, 9, 'FW', N'ギラス', N'ポルト（ポルトガル）', '1990-04-20', 183, 85),
(690, 30, 21, 'FW', N'マレズ', N'レスター（イングランド）', '1991-02-21', 179, 61),
(691, 32, 1, 'GK', N'チョン・ソンニョン', N'水原三星', '1985-01-04', 190, 90),
(692, 32, 23, 'GK', N'イ・ボムヨン', N'釜山', '1989-04-02', 194, 90),
(693, 32, 21, 'GK', N'キム・スンギュ', N'蔚山現代', '1990-09-30', 187, 80),
(694, 32, 4, 'DF', N'カク・テヒ', N'アルヒラル（サウジアラビア）', '1981-07-08', 185, 80),
(695, 32, 2, 'DF', N'キム・チャンス', N'柏（日本）', '1985-09-12', 179, 74),
(696, 32, 12, 'DF', N'イ・ヨン', N'蔚山現代', '1986-12-24', 180, 74),
(697, 32, 22, 'DF', N'パク・チュホ', N'マインツ（ドイツ）', '1987-01-16', 176, 71),
(698, 32, 6, 'DF', N'ファン・ソッコ', N'広島（日本）', '1989-06-27', 183, 80),
(699, 32, 20, 'DF', N'ホン・ジョンホ', N'アウクスブルク（ドイツ）', '1989-08-12', 186, 77),
(700, 32, 3, 'DF', N'ユン・ソギョン', N'クイーンズパーク（イングランド）', '1990-02-13', 183, 74),
(701, 32, 5, 'DF', N'キム・ヨングン', N'広州恒大（中国）', '1990-02-27', 187, 74),
(702, 32, 8, 'MF', N'ハ・デソン', N'北京国安（中国）', '1985-03-02', 182, 73),
(703, 32, 17, 'MF', N'イ・チョンヨン', N'ボルトン（イングランド）', '1988-07-02', 180, 69),
(704, 32, 16, 'MF', N'キ・ソンヨン', N'サンダーランド（イングランド）', '1989-01-24', 187, 79),
(705, 32, 15, 'MF', N'パク・チョンウ', N'広州富力（中国）', '1989-03-10', 180, 74),
(706, 32, 7, 'MF', N'キム・ボギョン', N'カーディフ（ウェールズ）', '1989-10-06', 178, 73),
(707, 32, 14, 'MF', N'ハン・グギョン', N'柏（日本）', '1990-04-19', 183, 74),
(708, 32, 19, 'MF', N'チ・ドンウォン', N'アウクスブルク（ドイツ）', '1991-05-28', 187, 77),
(709, 32, 9, 'MF', N'ソン・フンミン', N'レーバークーゼン（ドイツ）', '1992-07-08', 183, 76),
(710, 32, 11, 'FW', N'イ・グノ', N'尚州尚武', '1985-04-11', 177, 75),
(711, 32, 10, 'FW', N'パク・チュヨン', N'ワトフォード（中国）', '1985-07-10', 183, 72),
(712, 32, 18, 'FW', N'キム・シンウク', N'蔚山現代', '1988-04-14', 196, 93),
(713, 32, 13, 'FW', N'ク・ジャチョル', N'マインツ（ドイツ）', '1989-02-27', 182, 75),
(714, 12, 1, 'GK', N'川島', N'スタンダール', '1983-03-20', 185, 80),
(715, 12, 12, 'GK', N'西川', N'浦和', '1986-06-18', 183, 81),
(716, 12, 23, 'GK', N'権田', N'東京', '1989-03-03', 187, 85),
(717, 12, 15, 'DF', N'今野', N'G大阪', '1983-01-25', 178, 73),
(718, 12, 19, 'DF', N'伊野波', N'磐田', '1985-08-28', 179, 73),
(719, 12, 5, 'DF', N'長友', N'インテルミラノ', '1986-09-12', 170, 68),
(720, 12, 6, 'DF', N'森重', N'東京', '1987-05-21', 183, 74),
(721, 12, 2, 'DF', N'内田', N'シャルケ', '1988-03-27', 176, 67),
(722, 12, 22, 'DF', N'吉田', N'サウサンプトン', '1988-08-24', 189, 81),
(723, 12, 21, 'DF', N'酒井', N'ハノーバー', '1990-04-12', 184, 70),
(724, 12, 3, 'DF', N'酒井', N'シュツットガルト', '1991-03-14', 176, 74),
(725, 12, 7, 'MF', N'遠藤', N'G大阪', '1980-01-28', 178, 75),
(726, 12, 17, 'MF', N'長谷部', N'ニュルンベルク', '1984-01-18', 180, 72),
(727, 12, 14, 'MF', N'青山', N'広島', '1986-02-22', 174, 73),
(728, 12, 16, 'MF', N'山口', N'C大阪', '1990-10-06', 173, 72),
(729, 12, 13, 'FW', N'大久保', N'川崎F', '1982-06-09', 170, 73),
(730, 12, 9, 'FW', N'岡崎', N'マインツ', '1986-04-16', 174, 76),
(731, 12, 4, 'FW', N'本田', N'ACミラン', '1986-06-13', 182, 74),
(732, 12, 10, 'FW', N'香川', N'マンチェスターU', '1989-03-17', 172, 63),
(733, 12, 8, 'FW', N'清武', N'ニュルンベルク', '1989-11-12', 172, 66),
(734, 12, 11, 'FW', N'柿谷', N'C大阪', '1990-01-03', 177, 68),
(735, 12, 20, 'FW', N'斉藤', N'横浜', '1990-05-18', 182, 73),
(736, 12, 18, 'FW', N'大迫', N'1860ミュンヘン', '1990-05-18', 182, 73);

INSERT INTO players_tmp (country, uniform_num, position, name, club, birth, height, weight) VALUES
(N'ブラジル', 12, 'GK', N'ジュリオセザール', N'トロント（カナダ）', '1979-09-03', 186, 79),
(N'ブラジル', 1, 'GK', N'ジェフェルソン', N'ボタフォゴ（ブラジル）', '1983-01-02', 188, 80),
(N'ブラジル', 22, 'GK', N'ビクトル', N'アトレチコ・ミネイロ（ブラジル）', '1983-01-21', 193, 84),
(N'ブラジル', 23, 'DF', N'マイコン', N'ローマ（イタリア）', '1981-07-26', 184, 77),
(N'ブラジル', 14, 'DF', N'マックスウェル', N'パリサンジェルマン（フランス）', '1981-08-27', 176, 73),
(N'ブラジル', 2, 'DF', N'アウベス', N'バルセロナ（スペイン）', '1983-05-06', 173, 64),
(N'ブラジル', 13, 'DF', N'ダンチ', N'Bミュンヘン（ドイツ）', '1983-10-18', 188, 87),
(N'ブラジル', 3, 'DF', N'チアゴシウバ', N'パリサンジェルマン（フランス）', '1984-09-22', 183, 79),
(N'ブラジル', 15, 'DF', N'エンリケ', N'ナポリ（イタリア）', '1986-10-14', 187, 73),
(N'ブラジル', 4, 'DF', N'ダビドルイス', N'チェルシー（イングランド）', '1987-04-22', 189, 84),
(N'ブラジル', 6, 'DF', N'マルセロ', N'Rマドリード（スペイン）', '1988-05-12', 172, 73),
(N'ブラジル', 5, 'MF', N'フェルナンジーニョ', N'マンチェスターC（イングランド）', '1985-05-04', 175, 67),
(N'ブラジル', 18, 'MF', N'エルナネス', N'インテルミラノ（イタリア）', '1985-05-29', 181, 76),
(N'ブラジル', 16, 'MF', N'ラミレス', N'チェルシー（イングランド）', '1987-03-24', 180, 73),
(N'ブラジル', 17, 'MF', N'ルイスグスタボ', N'ウォルフスブルク（ドイツ）', '1987-07-23', 187, 80),
(N'ブラジル', 8, 'MF', N'パウリーニョ', N'トットナム（イングランド）', '1988-07-25', 182, 71),
(N'ブラジル', 19, 'MF', N'ビリアン', N'チェルシー（イングランド）', '1988-08-09', 174, 72),
(N'ブラジル', 11, 'MF', N'オスカル', N'チェルシー（イングランド）', '1991-09-09', 180, 66),
(N'ブラジル', 9, 'FW', N'フレジ', N'フルミネンセ（ブラジル）', '1983-10-03', 185, 90),
(N'ブラジル', 7, 'FW', N'フッキ', N'ゼニト（ロシア）', '1986-07-25', 180, 85),
(N'ブラジル', 21, 'FW', N'ジョー', N'アトレチコ・ミネイロ（ブラジル）', '1987-03-20', 189, 78),
(N'ブラジル', 10, 'FW', N'ネイマール', N'バルセロナ（スペイン）', '1992-02-05', 175, 64),
(N'ブラジル', 20, 'FW', N'ベルナルジ', N'シャフタル・ドネツク（クロアチア）', '1992-09-08', 163, 60),
(N'メキシコ', 12, 'GK', N'コロナ', N'クルスアスル（メキシコ）', '1981-01-26', 178, 72),
(N'メキシコ', 23, 'GK', N'タラベラ', N'トルーカ（メキシコ）', '1982-09-18', 188, 85),
(N'メキシコ', 1, 'GK', N'オチョア', N'アジャクシオ（フランス）', '1985-07-13', 185, 78),
(N'メキシコ', 4, 'DF', N'マルケス', N'レオン（メキシコ）', '1979-02-13', 184, 75),
(N'メキシコ', 3, 'DF', N'サルシド', N'ティグレス（メキシコ）', '1980-04-02', 170, 62),
(N'メキシコ', 2, 'DF', N'ロドリゲス', N'アメリカ', '1981-10-20', 191, 79),
(N'メキシコ', 22, 'DF', N'アギラル', N'アメリカ', '1986-03-06', 178, 67),
(N'メキシコ', 18, 'DF', N'グアルダド', N'レーバークーゼン（ドイツ）', '1986-09-28', 169, 67),
(N'メキシコ', 15, 'DF', N'モレノ', N'エスパニョール（スペイン）', '1988-01-17', 184, 80),
(N'メキシコ', 7, 'DF', N'ラジュン', N'アメリカ', '1988-06-25', 176, 66),
(N'メキシコ', 13, 'DF', N'レジェス', N'ポルト（ポルトガル）', '1992-09-19', 189, 65),
(N'メキシコ', 20, 'MF', N'モンテス', N'レオン', '1986-05-15', 166, 66),
(N'メキシコ', 5, 'MF', N'バスケス', N'レオン', '1988-03-14', 164, 62),
(N'メキシコ', 16, 'MF', N'ポンセ', N'トルーカ', '1989-04-12', 175, 77),
(N'メキシコ', 8, 'MF', N'ファビアン', N'クルスアスル', '1989-07-21', 170, 65),
(N'メキシコ', 17, 'MF', N'ペニャ', N'レオン', '1990-03-29', 176, 76),
(N'メキシコ', 6, 'MF', N'エレラ', N'ポルト（ポルトガル）', '1990-04-19', 183, 72),
(N'メキシコ', 21, 'MF', N'ブリスエラ', N'トルーカ', '1990-08-28', 173, 67),
(N'メキシコ', 19, 'FW', N'ペラルタ', N'サントス・ラグーナ', '1984-01-12', 177, 73),
(N'メキシコ', 14, 'FW', N'エルナンデス', N'マンチェスターU（イングランド）', '1988-06-01', 173, 62),
(N'メキシコ', 10, 'FW', N'ドスサントス', N'ビリャレアル（スペイン）', '1989-05-11', 174, 70),
(N'メキシコ', 11, 'FW', N'プリド', N'ティグレス', '1991-03-08', 174, 67),
(N'メキシコ', 9, 'FW', N'ヒメネス', N'クラブ・アメリカ', '1991-05-05', 186, 77),
(N'カメルーン', 16, 'GK', N'イタンジェ', N'コニヤスポル（トルコ）', '1982-11-02', 193, 88),
(N'カメルーン', 23, 'GK', N'ヌジョック', N'フェトヒエスポル（トルコ）', '1990-02-25', 181, 85),
(N'カメルーン', 1, 'GK', N'フジュ', N'コトンスポール', '1992-04-14', 178, 74),
(N'カメルーン', 2, 'DF', N'アスエコット', N'クイーンズパーク（イングランド）', '1984-03-24', 179, 69),
(N'カメルーン', 12, 'DF', N'ベディモ', N'リヨン（フランス）', '1984-06-04', 180, 80),
(N'カメルーン', 14, 'DF', N'シェジュ', N'ガラタサライ（トルコ）', '1985-06-20', 184, 86),
(N'カメルーン', 5, 'DF', N'ヌンク', N'ベシクタシュ（トルコ）', '1986-04-11', 184, 85),
(N'カメルーン', 22, 'DF', N'ニョム', N'グラナダ（スペイン）', '1988-05-10', 188, 81),
(N'カメルーン', 5, 'DF', N'ヌクルー', N'マルセイユ（フランス）', '1990-03-27', 180, 77),
(N'カメルーン', 4, 'DF', N'ジュグー', N'コトンスポール', '1992-08-28', 184, 75),
(N'カメルーン', 11, 'MF', N'マクン', N'レンヌ（フランス）', '1983-05-29', 172, 65),
(N'カメルーン', 7, 'MF', N'ヌゲモ', N'ボルドー（フランス）', '1985-11-28', 173, 70),
(N'カメルーン', 18, 'MF', N'エノー', N'アンタルヤスポル（トルコ）', '1986-03-23', 180, 76),
(N'カメルーン', 17, 'MF', N'ムビア', N'セビリア（スペイン）', '1986-05-20', 189, 82),
(N'カメルーン', 6, 'MF', N'ソング', N'バルセロナ（スペイン）', '1987-09-09', 185, 74),
(N'カメルーン', 8, 'MF', N'ムカンジョ', N'ナンシー（フランス）', '1988-11-12', 179, 76),
(N'カメルーン', 21, 'MF', N'マティプ', N'シャルケ（ドイツ）', '1991-08-08', 193, 88),
(N'カメルーン', 20, 'MF', N'サリ', N'ランス（フランス）', '1992-08-17', 163, 64),
(N'カメルーン', 9, 'FW', N'エトー', N'チェルシー（イングランド）', '1981-03-10', 180, 79),
(N'カメルーン', 15, 'FW', N'ウェボ', N'フェネルバフチェ（トルコ）', '1982-01-20', 180, 78),
(N'カメルーン', 13, 'FW', N'チュポモティング', N'マインツ（ドイツ）', '1989-03-23', 190, 84),
(N'カメルーン', 10, 'FW', N'アブバカル', N'ロリアン（フランス）', '1992-01-22', 184, 82),
(N'カメルーン', 19, 'FW', N'オリンガ', N'ワーレゲム（ベルギー）', '1996-05-12', 172, 66),
(N'クロアチア', 1, 'GK', N'プレティコサ', N'ロストフ（ロシア）', '1979-01-08', 193, 83),
(N'クロアチア', 23, 'GK', N'スバシッチ', N'モナコ（イタリア）', '1984-10-27', 191, 85),
(N'クロアチア', 12, 'GK', N'ゼレニカ', N'NKロコモティバ', '1993-05-14', 192, 82),
(N'クロアチア', 3, 'DF', N'プラニッチ', N'パナシナイコス（ギリシャ）', '1981-12-02', 171, 70),
(N'クロアチア', 11, 'DF', N'スルナ', N'シャフタル（ウクライナ）', '1982-05-01', 182, 78),
(N'クロアチア', 13, 'DF', N'シルデンフェルト', N'パナシナイコス（ギリシャ）', '1985-03-18', 191, 91),
(N'クロアチア', 5, 'DF', N'チョルルカ', N'ロコモティフ・モスクワ（ロシア）', '1986-02-05', 192, 84),
(N'クロアチア', 21, 'DF', N'ビダ', N'ディナモ・キエフ（ウクライナ）', '1989-04-29', 184, 73),
(N'クロアチア', 6, 'DF', N'ロブレン', N'サウサンプトン（イングランド）', '1989-07-05', 188, 84),
(N'クロアチア', 2, 'DF', N'ブルサリコ', N'ジェノア（イタリア）', '1992-01-10', 183, 73),
(N'クロアチア', 8, 'MF', N'ブコイエビッチ', N'ディナモ・キエフ（ウクライナ）', '1983-12-20', 184, 85),
(N'クロアチア', 10, 'MF', N'モドリッチ', N'Rマドリード（スペイン）', '1985-09-09', 174, 65),
(N'クロアチア', 19, 'MF', N'サミル', N'ヘタフェ（スペイン）', '1987-04-23', 178, 77),
(N'クロアチア', 7, 'MF', N'ラキティッチ', N'セビリア（スペイン）', '1988-03-10', 184, 75),
(N'クロアチア', 4, 'MF', N'ペリシッチ', N'ウォルフスブルク（ドイツ）', '1989-02-02', 182, 74),
(N'クロアチア', 14, 'MF', N'ブロゾビッチ', N'ディナモ・ザグレブ', '1992-11-16', 180, 65),
(N'クロアチア', 15, 'MF', N'モチニッチ', N'リエカ', '1993-04-30', 180, 72),
(N'クロアチア', 20, 'MF', N'コバチッチ', N'インテルミラノ（イタリア）', '1994-05-06', 181, 75),
(N'クロアチア', 18, 'FW', N'オリッチ', N'ウォルフスブルク（ドイツ）', '1979-09-14', 182, 85),
(N'クロアチア', 22, 'FW', N'エドゥアルド', N'シャフタル（ウクライナ）', '1983-02-25', 177, 73),
(N'クロアチア', 9, 'FW', N'イエラビッチ', N'ハルシティ（イングランド）', '1985-08-27', 187, 84),
(N'クロアチア', 17, 'FW', N'マンジュキッチ', N'Bミュンヘン（ドイツ）', '1986-05-21', 187, 84),
(N'クロアチア', 16, 'FW', N'レビッチ', N'フィオレンティナ（イタリア）', '1993-09-21', 185, 77),
(N'スペイン', 1, 'GK', N'カシリャス', N'Rマドリード', '1981-05-20', 183, 84),
(N'スペイン', 23, 'GK', N'レイナ', N'ナポリ（イタリア）', '1982-08-31', 188, 86),
(N'スペイン', 12, 'GK', N'デヘア', N'マンチェスターU（イングランド）', '1990-11-07', 192, 82),
(N'スペイン', 5, 'DF', N'フアンフラン', N'Aマドリード', '1985-01-09', 180, 72),
(N'スペイン', 2, 'DF', N'アルビオル', N'ナポリ（イタリア）', '1985-09-04', 187, 82),
(N'スペイン', 15, 'DF', N'セルヒオラモス', N'Rマドリード', '1986-03-30', 183, 75),
(N'スペイン', 3, 'DF', N'ピケ', N'バルセロナ', '1987-02-02', 192, 85),
(N'スペイン', 18, 'DF', N'アルバ', N'バルセロナ', '1989-03-21', 170, 69),
(N'スペイン', 22, 'DF', N'アスピリクエタ', N'チェルシー（イングランド）', '1989-08-28', 178, 76),
(N'スペイン', 8, 'MF', N'シャビ', N'バルセロナ', '1980-01-25', 170, 68),
(N'スペイン', 14, 'MF', N'シャビアロンソ', N'Rマドリード', '1981-11-25', 183, 77),
(N'スペイン', 6, 'MF', N'イニエスタ', N'バルセロナ', '1984-05-11', 170, 65),
(N'スペイン', 20, 'MF', N'カソルラ', N'アーセナル（イングランド）', '1984-12-13', 168, 66),
(N'スペイン', 10, 'MF', N'セスク', N'バルセロナ', '1987-05-04', 179, 75),
(N'スペイン', 16, 'MF', N'ブスケツ', N'バルセロナ', '1988-07-16', 189, 73),
(N'スペイン', 4, 'MF', N'ハビマルティネス', N'Bミュンヘン（ドイツ）', '1988-09-02', 190, 81),
(N'スペイン', 17, 'MF', N'コケ', N'Aマドリード', '1992-01-08', 178, 74),
(N'スペイン', 7, 'FW', N'ビリャ', N'Aマドリード', '1981-12-03', 175, 69),
(N'スペイン', 9, 'FW', N'フェルナンドトレス', N'チェルシー（イングランド）', '1984-03-20', 186, 81),
(N'スペイン', 11, 'FW', N'ペドロ', N'バルセロナ', '1987-07-28', 169, 64),
(N'スペイン', 21, 'FW', N'シルバ', N'マンチェスターC（イングランド）', '1986-01-08', 170, 67),
(N'スペイン', 13, 'FW', N'マタ', N'チェルシー（イングランド）', '1988-04-28', 174, 63),
(N'スペイン', 19, 'FW', N'ディエゴコスタ', N'Aマドリード', '1988-10-07', 188, 81),
(N'チリ', 23, 'GK', N'エレラ', N'ウニベルシダード・デ・チリ', '1981-05-09', 184, 85),
(N'チリ', 1, 'GK', N'ブラボ', N'Rソシエダード（スペイン）', '1983-04-13', 185, 84),
(N'チリ', 12, 'GK', N'トセリ', N'ウニベルシダード・カトリカ', '1988-06-15', 186, 75),
(N'チリ', 13, 'DF', N'ロハス', N'ウニベルシダード・デ・チリ', '1983-06-23', 174, 83),
(N'チリ', 18, 'DF', N'ハラ', N'ノッティンガム・フォレスト（イングランド）', '1985-08-29', 178, 71),
(N'チリ', 17, 'DF', N'メデル', N'カーディフ（ウェールズ）', '1987-08-03', 172, 74),
(N'チリ', 4, 'DF', N'イスラ', N'ユベントス（イタリア）', '1988-06-12', 175, 72),
(N'チリ', 2, 'DF', N'メナ', N'サントス（ブラジル）', '1988-07-18', 175, 68),
(N'チリ', 10, 'MF', N'バルディビア', N'パルメイラス（ブラジル）', '1983-10-19', 173, 71),
(N'チリ', 19, 'MF', N'フエンサリダ', N'コロコロ', '1985-02-22', 169, 64),
(N'チリ', 5, 'MF', N'シルバ', N'オサスナ（スペイン）', '1986-02-11', 178, 75),
(N'チリ', 21, 'MF', N'ディアス', N'バーゼル（スイス）', '1986-12-30', 168, 65),
(N'チリ', 6, 'MF', N'カルモナ', N'アタランタ（イタリア）', '1987-02-21', 178, 68),
(N'チリ', 8, 'MF', N'ビダル', N'ユベントス（イタリア）', '1987-05-22', 180, 75),
(N'チリ', 20, 'MF', N'アランギス', N'インテルナシオナル（ブラジル）', '1989-04-17', 171, 72),
(N'チリ', 16, 'MF', N'グティエレス', N'トウェンテ（オランダ）', '1990-10-08', 170, 64),
(N'チリ', 3, 'MF', N'アルボノルス', N'マルメ（スウェーデン）', '1990-11-30', 180, 80),
(N'チリ', 22, 'FW', N'パレデス', N'コロコロ', '1980-08-01', 179, 76),
(N'チリ', 9, 'FW', N'ピニジャ', N'カリャリ（イタリア）', '1984-02-04', 185, 75),
(N'チリ', 15, 'FW', N'ボーセジュール', N'ウィガン（イングランド）', '1984-06-01', 178, 81),
(N'チリ', 14, 'FW', N'オレジャナ', N'セルタ（スペイン）', '1986-01-27', 171, 70),
(N'チリ', 7, 'FW', N'サンチェス', N'バルセロナ（スペイン）', '1988-12-19', 169, 70),
(N'チリ', 11, 'FW', N'バルガス', N'バレンシア（スペイン）', '1989-11-20', 175, 69),
(N'オーストラリア', 18, 'GK', N'ガレコビッチ', N'アデレードU', '1981-06-12', 186, 91),
(N'オーストラリア', 12, 'GK', N'ランゲラク', N'ドルトムント（ドイツ）', '1988-08-22', 192, 81),
(N'オーストラリア', 1, 'GK', N'ライアン', N'クラブ・ブルージュ（ベルギー）', '1992-04-08', 184, 73),
(N'オーストラリア', 22, 'DF', N'ウィルキンソン', N'全北', '1984-08-13', 187, 85),
(N'オーストラリア', 2, 'DF', N'フラニッチ', N'ブリスベーン', '1987-09-10', 180, 77),
(N'オーストラリア', 6, 'DF', N'スピラノビッチ', N'ウェスタンシドニー', '1988-06-27', 180, 77),
(N'オーストラリア', 19, 'DF', N'マクガワン', N'山東（中国）', '1989-08-15', 191, 75),
(N'オーストラリア', 3, 'DF', N'デービッドソン', N'ヘラクレス（オランダ）', '1991-06-29', 180, 74),
(N'オーストラリア', 8, 'DF', N'ライト', N'プレストン（イングランド）', '1992-07-28', 184, 84),
(N'オーストラリア', 23, 'MF', N'ブレシャノ', N'アルガラファ（カタール）', '1980-02-11', 182, 73),
(N'オーストラリア', 17, 'MF', N'マッケイ', N'ブリスベーン', '1983-01-11', 171, 65),
(N'オーストラリア', 15, 'MF', N'ジェディナク', N'クリスタルパレス（イングランド）', '1984-08-03', 189, 88),
(N'オーストラリア', 5, 'MF', N'ミリガン', N'メルボルン・ビクトリー', '1985-08-04', 178, 78),
(N'オーストラリア', 20, 'MF', N'ビドシッチ', N'シオン（スイス）', '1987-04-08', 184, 74),
(N'オーストラリア', 14, 'MF', N'トロイージ', N'メルボルン・ビクトリー', '1988-07-03', 180, 81),
(N'オーストラリア', 13, 'MF', N'ボザニッチ', N'ルツェルン（スイス）', '1989-01-08', 183, 76),
(N'オーストラリア', 16, 'MF', N'ホランド', N'オーストリア・ウィーン（オーストリア）', '1989-05-15', 180, 74),
(N'オーストラリア', 11, 'MF', N'オー', N'ユトレヒト（オランダ）', '1991-12-10', 170, 64),
(N'オーストラリア', 21, 'MF', N'ルオンゴ', N'スウィンドン（イングランド）', '1992-09-25', 176, 75),
(N'オーストラリア', 4, 'FW', N'ケーヒル', N'レッドブルズ（米国）', '1979-12-06', 178, 68),
(N'オーストラリア', 7, 'FW', N'レッキー', N'フランクフルト（ドイツ）', '1991-02-04', 180, 78),
(N'オーストラリア', 10, 'FW', N'ハロラン', N'デュッセルドルフ（ドイツ）', '1992-06-14', 180, 73),
(N'オーストラリア', 9, 'FW', N'タガート', N'ニューカッスル・ジェッツ', '1993-06-02', 183, 69),
(N'オランダ', 22, 'GK', N'フォルム', N'スウォンジー（イングランド）', '1983-10-20', 183, 86),
(N'オランダ', 23, 'GK', N'クルル', N'ニューカッスル（イングランド）', '1988-04-03', 193, 84),
(N'オランダ', 0, 'GK', N'シレッセン', N'アヤックス', '1989-04-22', 188, 82),
(N'オランダ', 12, 'DF', N'フェルハーフ', N'アウクスブルク（ドイツ）', '1983-09-01', 178, 72),
(N'オランダ', 0, 'DF', N'フラール', N'アストンビラ（イングランド）', '1985-02-16', 189, 80),
(N'オランダ', 0, 'DF', N'ヤンマート', N'フェイエノールト', '1989-07-22', 185, 80),
(N'オランダ', 0, 'DF', N'ブリント', N'アヤックス', '1990-03-09', 180, 72),
(N'オランダ', 13, 'DF', N'フェルトマン', N'アヤックス', '1992-01-15', 182, 73),
(N'オランダ', 0, 'DF', N'デフライ', N'フェイエノールト', '1992-02-05', 188, 78),
(N'オランダ', 0, 'DF', N'マルティンスインディ', N'フェイエノールト', '1992-02-08', 185, 76),
(N'オランダ', 14, 'DF', N'コンゴロ', N'フェイエノールト', '1994-02-14', 182, 74),
(N'オランダ', 10, 'MF', N'スナイダー', N'ガラタサライ（トルコ）', '1984-06-09', 170, 67),
(N'オランダ', 0, 'MF', N'デヨング', N'ACミラン（イタリア）', '1984-11-30', 174, 72),
(N'オランダ', 11, 'MF', N'ロッベン', N'Bミュンヘン（ドイツ）', '1984-01-23', 180, 80),
(N'オランダ', 0, 'MF', N'デグズマン', N'スウォンジー（イングランド）', '1987-09-13', 173, 65),
(N'オランダ', 18, 'MF', N'フェル', N'ノリッジ（イングランド）', '1990-01-05', 188, 79),
(N'オランダ', 16, 'MF', N'クラシー', N'フェイエノールト', '1991-06-27', 169, 68),
(N'オランダ', 20, 'MF', N'ワイナルドゥム', 'PSV', '1990-11-11', 173, 69),
(N'オランダ', 15, 'FW', N'カイト', N'フェネルバフチェ（トルコ）', '1980-07-22', 184, 77),
(N'オランダ', 0, 'FW', N'ファンペルシー', N'マンチェスターU（イングランド）', '1983-08-06', 183, 71),
(N'オランダ', 19, 'FW', N'フンテラール', N'シャルケ（ドイツ）', '1983-08-12', 183, 78),
(N'オランダ', 21, 'FW', N'デパイ', 'PSV', '1994-02-13', 176, 78),
(N'オランダ', 17, 'FW', N'レンス', N'ディナモ・キエフ（ウクライナ）', '1987-11-24', 178, 80),
(N'コロンビア', 22, 'GK', N'モンドラゴン', N'デポルティボ・カリ', '1971-06-21', 191, 94),
(N'コロンビア', 2, 'GK', N'オスピナ', N'ニース（フランス）', '1988-08-31', 183, 79),
(N'コロンビア', 12, 'GK', N'バルガス', N'インディペンディエンテ・サンタフェ', '1989-03-09', 185, 80),
(N'コロンビア', 3, 'DF', N'ジェペス', N'アタランタ（イタリア）', '1976-01-13', 186, 83),
(N'コロンビア', 23, 'DF', N'バルデス', N'サン・ロレンソ（アルゼンチン）', '1985-05-22', 184, 80),
(N'コロンビア', 18, 'DF', N'スニガ', N'ナポリ（イタリア）', '1985-12-14', 172, 72),
(N'コロンビア', 2, 'DF', N'サパタ', N'ACミラン（イタリア）', '1986-09-30', 187, 82),
(N'コロンビア', 7, 'DF', N'アルメロ', N'ウェストハム（イングランド）', '1986-11-02', 174, 73),
(N'コロンビア', 4, 'DF', N'アリアス', N'PSV（オランダ）', '1992-01-13', 175, 72),
(N'コロンビア', 16, 'DF', N'バランタ', N'リバープレート（アルゼンチン）', '1993-02-28', 181, 84),
(N'コロンビア', 8, 'MF', N'アギラル', N'トゥールーズ（フランス）', '1985-01-06', 185, 78),
(N'コロンビア', 6, 'MF', N'サンチェス', N'エルチェ（スペイン）', '1986-02-06', 182, 80),
(N'コロンビア', 13, 'MF', N'グアリン', N'インテルミラノ（イタリア）', '1986-06-30', 183, 77),
(N'コロンビア', 11, 'MF', N'グアドラード', N'フィオレンティナ（イタリア）', '1988-05-26', 176, 66),
(N'コロンビア', 15, 'MF', N'メヒア', N'アトレチコ・ナシオナル', '1988-07-11', 177, 77),
(N'コロンビア', 5, 'MF', N'カルボネロ', N'リバープレート（アルゼンチン）', '1990-07-25', 178, 77),
(N'コロンビア', 10, 'MF', N'ロドリゲス', N'モナコ（フランス）', '1991-07-12', 180, 77),
(N'コロンビア', 20, 'MF', N'キンテロ', N'ポルト（ポルトガル）', '1993-01-18', 169, 64),
(N'コロンビア', 9, 'FW', N'グティエレス', N'リバープレート（アルゼンチン）', '1985-05-17', 178, 83),
(N'コロンビア', 19, 'FW', N'ラモス', N'ヘルタ（ドイツ）', '1986-01-22', 185, 74),
(N'コロンビア', 17, 'FW', N'バッカ', N'セビリア（スペイン）', '1986-09-08', 181, 77),
(N'コロンビア', 21, 'FW', N'マルティネス', N'ポルト（ポルトガル）', '1986-10-03', 184, 75),
(N'コロンビア', 14, 'FW', N'イバルボ', N'カリャリ（イタリア）', '1990-05-19', 188, 76),
(N'ギリシャ', 1, 'GK', N'カルネジス', N'グラナダ（スペイン）', '1985-07-11', 190, 84),
(N'ギリシャ', 12, 'GK', N'グリコス', 'PAOK', '1986-10-10', 189, 83),
(N'ギリシャ', 13, 'GK', N'カピノ', N'パナシナイコス', '1994-03-18', 196, 86),
(N'ギリシャ', 11, 'DF', N'ビントラ', N'レバンテ（スペイン）', '1981-02-05', 184, 76),
(N'ギリシャ', 5, 'DF', N'モラス', N'トリノ（イタリア）', '1981-08-26', 193, 78),
(N'ギリシャ', 20, 'DF', N'ホレバス', N'オリンピアコス', '1984-06-27', 184, 79),
(N'ギリシャ', 15, 'DF', N'トロシディス', N'ローマ（イタリア）', '1985-06-10', 185, 80),
(N'ギリシャ', 2, 'DF', N'マニアティス', N'オリンピアコス', '1986-10-12', 177, 71),
(N'ギリシャ', 3, 'DF', N'ツァベラス', 'PAOK', '1987-11-26', 183, 81),
(N'ギリシャ', 19, 'DF', N'パパスタソプロス', N'ドルトムント（ドイツ）', '1988-06-09', 185, 85),
(N'ギリシャ', 4, 'DF', N'マノラス', N'オリンピアコス', '1991-06-14', 186, 79),
(N'ギリシャ', 10, 'MF', N'カラグニス', N'フラム（イングランド）', '1977-03-06', 176, 74),
(N'ギリシャ', 21, 'MF', N'カツラニス', 'PAOK', '1979-06-21', 183, 81),
(N'ギリシャ', 6, 'MF', N'ツィオリス', N'カイセリスポル（トルコ）', '1985-02-13', 189, 84),
(N'ギリシャ', 16, 'MF', N'クリストドゥロプロス', N'ボローニャ（イタリア）', '1986-12-19', 183, 77),
(N'ギリシャ', 8, 'MF', N'コネ', N'ボローニャ（イタリア）', '1987-07-26', 182, 74),
(N'ギリシャ', 22, 'MF', N'A・サマラス', N'オリンピアコス', '1989-06-13', 189, 80),
(N'ギリシャ', 23, 'MF', N'タフツィディス', N'トリノ（イタリア）', '1991-02-15', 191, 86),
(N'ギリシャ', 17, 'FW', N'ゲカス', N'コンヤスポル（トルコ）', '1980-05-23', 179, 76),
(N'ギリシャ', 14, 'FW', N'サルピンギディス', 'PAOK', '1981-08-18', 172, 74),
(N'ギリシャ', 7, 'FW', N'サマラス', N'セルティック（スコットランド）', '1985-02-21', 193, 82),
(N'ギリシャ', 9, 'FW', N'ミトログル', N'フラム（イングランド）', '1988-03-12', 189, 86),
(N'ギリシャ', 18, 'FW', N'フェトファツィディス', N'ジェノア（イタリア）', '1990-12-21', 168, 64),
(N'コートジボワール', 1, 'GK', N'バリ', N'ロケレン', '1979-12-30', 180, 69),
(N'コートジボワール', 16, 'GK', N'グボウオ', N'セウェ・スポーツ', '1988-10-29', 184, 82),
(N'コートジボワール', 23, 'GK', N'マンデ', N'スタバエク', '1993-06-15', 188, 82),
(N'コートジボワール', 5, 'DF', N'ゾコラ', N'無所属', '1980-12-14', 179, 72),
(N'コートジボワール', 4, 'DF', N'K・トゥーレ', N'リバプール', '1981-03-19', 183, 76),
(N'コートジボワール', 3, 'DF', N'ボカ', N'シュツットガルト', '1981-03-19', 166, 67),
(N'コートジボワール', 22, 'DF', N'バンバ', N'トラブゾンスポル', '1985-01-13', 190, 90),
(N'コートジボワール', 18, 'DF', N'ジャクパ', N'フランクフルト', '1986-10-17', 177, 71),
(N'コートジボワール', 2, 'DF', N'ディアラスバ', N'リゼスポル', '1986-12-21', 186, 79),
(N'コートジボワール', 7, 'DF', N'アクパ', N'トゥールーズ', '1986-11-28', 180, 68),
(N'コートジボワール', 17, 'DF', N'オーリエ', N'トゥールーズ', '1992-12-24', 175, 75),
(N'コートジボワール', 19, 'MF', N'Y・トゥーレ', N'マンチェスターC', '1983-05-13', 188, 90),
(N'コートジボワール', 13, 'MF', N'ヤコナン', N'ハノーバー', '1984-02-25', 174, 67),
(N'コートジボワール', 20, 'MF', N'セレイ', N'バーゼル', '1984-11-07', 179, 77),
(N'コートジボワール', 9, 'MF', N'ティオテ', N'ニューカッスル', '1986-06-21', 180, 79),
(N'コートジボワール', 15, 'MF', N'グラデル', N'サンテティエンヌ', '1987-11-30', 180, 70),
(N'コートジボワール', 14, 'MF', N'ディオマンデ', N'サンテティエンヌ', '1992-08-28', 180, 75),
(N'コートジボワール', 11, 'FW', N'ドログバ', N'ガラタサライ', '1978-03-11', 189, 91),
(N'コートジボワール', 8, 'FW', N'カルー', N'リール', '1985-08-05', 184, 77),
(N'コートジボワール', 10, 'FW', N'ジェルビーニョ', N'ローマ', '1987-05-27', 179, 68),
(N'コートジボワール', 12, 'FW', N'ボニ', N'スウォンジー', '1988-12-10', 182, 88),
(N'コートジボワール', 21, 'FW', N'シオ', N'バーゼル', '1989-03-31', 181, 77),
(N'コートジボワール', 6, 'FW', N'ボリ', N'デュッセルドルフ', '1990-11-14', 185, 77),
(N'イタリア', 1, 'GK', N'ブフォン', N'ユベントス', '1978-01-28', 191, 83),
(N'イタリア', 12, 'GK', N'シリグ', N'パリサンジェルマン（フランス）', '1987-01-12', 192, 80),
(N'イタリア', 13, 'GK', N'ペリン', N'ジェノア', '1992-11-10', 188, 74),
(N'イタリア', 15, 'DF', N'バルザーリ', N'ユベントス', '1981-05-08', 186, 79),
(N'イタリア', 3, 'DF', N'キエリーニ', N'ユベントス', '1984-08-14', 186, 76),
(N'イタリア', 20, 'DF', N'パレッタ', N'パルマ', '1986-02-15', 190, 88),
(N'イタリア', 7, 'DF', N'アバテ', N'ACミラン', '1986-11-12', 180, 73),
(N'イタリア', 19, 'DF', N'ボヌッチ', N'ユベントス', '1987-05-01', 190, 82),
(N'イタリア', 4, 'DF', N'ダルミアン', N'トリノ', '1989-12-02', 182, 70),
(N'イタリア', 2, 'DF', N'デシリョ', N'ACミラン', '1992-10-20', 183, 74),
(N'イタリア', 21, 'MF', N'ピルロ', N'ユベントス', '1979-05-19', 177, 68),
(N'イタリア', 5, 'MF', N'モッタ', N'パリサンジェルマン（フランス）', '1982-08-28', 187, 83),
(N'イタリア', 16, 'MF', N'デロッシ', N'ローマ', '1983-07-24', 184, 81),
(N'イタリア', 14, 'MF', N'アクイラーニ', N'フィオレンティナ', '1984-07-07', 186, 77),
(N'イタリア', 18, 'MF', N'パローロ', N'パルマ', '1985-01-25', 186, 82),
(N'イタリア', 8, 'MF', N'マルキジオ', N'ユベントス', '1986-01-19', 179, 76),
(N'イタリア', 6, 'MF', N'カンドレバ', N'ラツィオ', '1987-02-28', 181, 72),
(N'イタリア', 23, 'MF', N'ベラッティ', N'パリサンジェルマン（フランス）', '1992-11-05', 165, 60),
(N'イタリア', 10, 'FW', N'カッサーノ', N'パルマ', '1982-07-12', 175, 73),
(N'イタリア', 11, 'FW', N'チェルチ', N'トリノ', '1987-07-23', 180, 78),
(N'イタリア', 17, 'FW', N'インモビレ', N'トリノ', '1990-02-20', 185, 78),
(N'イタリア', 9, 'FW', N'バロテリ', N'ACミラン', '1990-08-12', 189, 88),
(N'イタリア', 22, 'FW', N'インシニェ', N'ナポリ', '1991-06-04', 163, 59),
(N'コスタリカ', 18, 'GK', N'ペンベルトン', N'アラフエレンセ', '1982-04-24', 178, 75),
(N'コスタリカ', 23, 'GK', N'カンブロネロ', N'エレディアノ', '1986-01-08', 171, 71),
(N'コスタリカ', 1, 'GK', N'ナバス', N'レバンテ（スペイン）', '1986-12-15', 184, 78),
(N'コスタリカ', 4, 'DF', N'ウマニャ', N'サプリサ', '1982-07-16', 178, 73),
(N'コスタリカ', 2, 'DF', N'アコスタ', N'アラフエレンセ', '1983-07-21', 175, 80),
(N'コスタリカ', 15, 'DF', N'ディアス', N'マインツ（ドイツ）', '1983-09-12', 185, 76),
(N'コスタリカ', 8, 'DF', N'モラ', N'サプリサ', '1984-06-20', 178, 78),
(N'コスタリカ', 19, 'DF', N'ミラー', N'レッドブルズ', '1984-11-24', 187, 75),
(N'コスタリカ', 3, 'DF', N'ゴンザレス', N'クルー（米国）', '1988-02-08', 186, 72),
(N'コスタリカ', 6, 'DF', N'ドゥアルテ', N'ブリュージュ（ベルギー）', '1989-06-03', 184, 85),
(N'コスタリカ', 16, 'DF', N'ガンボア', N'ローゼンボリ（ノルウェー）', '1989-10-24', 175, 67),
(N'コスタリカ', 12, 'DF', N'フランシス', N'クルー（米国）', '1990-09-20', 177, 72),
(N'コスタリカ', 11, 'MF', N'バランテス', N'オーレスン（ノルウェー）', '1983-10-04', 177, 71),
(N'コスタリカ', 7, 'MF', N'ボラニョス', N'コペンハーゲン（デンマーク）', '1984-05-17', 179, 67),
(N'コスタリカ', 13, 'MF', N'グラナドス', N'エレディアノ', '1985-10-25', 183, 74),
(N'コスタリカ', 22, 'MF', N'クベロ', N'エレディアノ', '1987-02-14', 180, 75),
(N'コスタリカ', 5, 'MF', N'ボルヘス', N'AIKソルナ（スウェーデン）', '1988-05-27', 184, 78),
(N'コスタリカ', 20, 'MF', N'カルボ', N'バレレンガ（ノルウェー）', '1991-03-25', 178, 78),
(N'コスタリカ', 17, 'MF', N'テヘダ', N'サプリサ', '1992-03-17', 179, 66),
(N'コスタリカ', 14, 'FW', N'ブレネス', N'カルタヒネス', '1983-08-13', 175, 69),
(N'コスタリカ', 10, 'FW', N'ルイス', N'PSV（オランダ）', '1985-08-18', 186, 70),
(N'コスタリカ', 21, 'FW', N'ウレニャ', N'クバン（ロシア）', '1990-03-05', 179, 72),
(N'コスタリカ', 9, 'FW', N'キャンベル', N'オリンピアコス（ギリシャ）', '1992-06-26', 178, 70),
(N'ウルグアイ', 12, 'GK', N'ムニョス', N'リベルタ', '1982-01-22', 181, 79),
(N'ウルグアイ', 23, 'GK', N'シルバ', N'バスコ・ダ・ガマ（ブラジル）', '1983-03-25', 187, 82),
(N'ウルグアイ', 1, 'GK', N'ムスレラ', N'ガラタサライ（トルコ）', '1986-06-16', 190, 77),
(N'ウルグアイ', 2, 'DF', N'ルガノ', N'ウェストブロミッジ（イングランド）', '1980-11-02', 188, 83),
(N'ウルグアイ', 16, 'DF', N'M・ペレイラ', N'ベンフィカ（ポルトガル）', '1984-06-08', 173, 70),
(N'ウルグアイ', 4, 'DF', N'フシレ', N'ポルト（ポルトガル）', '1984-11-19', 178, 73),
(N'ウルグアイ', 3, 'DF', N'ゴディン', N'Aマドリード（スペイン）', '1986-02-16', 185, 75),
(N'ウルグアイ', 22, 'DF', N'カセレス', N'ユベントス（イタリア）', '1987-04-07', 182, 77),
(N'ウルグアイ', 19, 'DF', N'コアテス', N'ナシオナル', '1990-10-07', 196, 85),
(N'ウルグアイ', 13, 'DF', N'ヒメネス', N'Aマドリード（スペイン）', '1995-01-20', 185, 80),
(N'ウルグアイ', 15, 'MF', N'ペレス', N'ボローニャ（イタリア）', '1980-05-18', 177, 81),
(N'ウルグアイ', 17, 'MF', N'アレバロ', N'モレリア（メキシコ）', '1982-01-01', 168, 73),
(N'ウルグアイ', 5, 'MF', N'ガルガノ', N'パルマ（イタリア）', '1984-07-23', 168, 65),
(N'ウルグアイ', 20, 'MF', N'ゴンサレス', N'ラツィオ（イタリア）', '1984-10-29', 176, 72),
(N'ウルグアイ', 7, 'MF', N'ロドリゲス', N'Aマドリード（スペイン）', '1985-09-30', 178, 81),
(N'ウルグアイ', 6, 'MF', N'A・ペレイラ', N'サンパウロ（ブラジル）', '1985-11-28', 181, 78),
(N'ウルグアイ', 14, 'MF', N'ロデイロ', N'ボタフォゴ（ブラジル）', '1989-03-21', 173, 69),
(N'ウルグアイ', 18, 'MF', N'ラミレス', N'サウサンプトン（イングランド）', '1990-12-02', 183, 77),
(N'ウルグアイ', 10, 'FW', N'フォルラン', N'C大阪（日本）', '1979-05-19', 180, 75),
(N'ウルグアイ', 11, 'FW', N'ストゥアニ', N'エスパニョール（スペイン）', '1986-10-12', 186, 77),
(N'ウルグアイ', 9, 'FW', N'スアレス', N'リバプール（イングランド）', '1987-01-24', 181, 81),
(N'ウルグアイ', 21, 'FW', N'カバニ', N'パリサンジェルマン（フランス）', '1987-02-14', 184, 71),
(N'ウルグアイ', 8, 'FW', N'エルナンデス', N'パレルモ（イタリア）', '1990-08-08', 185, 73),
(N'イングランド', 22, 'GK', N'フォスター', N'ウェストブロミッジ', '1983-04-03', 193, 90),
(N'イングランド', 1, 'GK', N'ハート', N'マンチェスターC', '1987-04-19', 196, 89),
(N'イングランド', 13, 'GK', N'フォースター', N'セルティック（スコットランド）', '1988-03-17', 201, 99),
(N'イングランド', 6, 'DF', N'ジャギエルカ', N'エバートン', '1982-08-17', 183, 83),
(N'イングランド', 2, 'DF', N'ジョンソン', N'リバプール', '1984-08-23', 182, 70),
(N'イングランド', 3, 'DF', N'ベーンズ', N'エバートン', '1984-12-11', 170, 74),
(N'イングランド', 5, 'DF', N'ケーヒル', N'チェルシー', '1985-12-19', 193, 86),
(N'イングランド', 19, 'DF', N'スターリング', N'マンチェスターU', '1989-11-22', 194, 90),
(N'イングランド', 16, 'DF', N'ジョーンズ', N'マンチェスターU', '1992-02-21', 185, 72),
(N'イングランド', 23, 'DF', N'ショー', N'サウサンプトン', '1995-07-12', 185, 75),
(N'イングランド', 8, 'MF', N'ランパード', N'チェルシー', '1978-06-20', 184, 88),
(N'イングランド', 4, 'MF', N'ジェラード', N'リバプール', '1980-05-30', 183, 83),
(N'イングランド', 17, 'MF', N'ミルナー', N'マンチェスターC', '1986-01-04', 176, 70),
(N'イングランド', 20, 'MF', N'ララーナ', N'サウサンプトン', '1988-05-10', 172, 73),
(N'イングランド', 14, 'MF', N'ヘンダーソン', N'リバプール', '1990-06-17', 182, 67),
(N'イングランド', 7, 'MF', N'ウィルシャー', N'アーセナル', '1992-01-01', 172, 68),
(N'イングランド', 15, 'MF', N'オクスレードチェンバレン', N'アーセナル', '1993-08-15', 180, 70),
(N'イングランド', 21, 'MF', N'バークリー', N'エバートン', '1993-12-05', 189, 76),
(N'イングランド', 19, 'MF', N'スターリング', N'リバプール', '1994-12-08', 170, 69),
(N'イングランド', 18, 'FW', N'ランバート', N'サウサンプトン', '1982-02-16', 187, 77),
(N'イングランド', 10, 'FW', N'ルーニー', N'マンチェスターU', '1985-10-24', 178, 86),
(N'イングランド', 9, 'FW', N'スタリッジ', N'リバプール', '1989-09-01', 183, 76),
(N'イングランド', 11, 'FW', N'ウェルベック', N'マンチェスターU', '1990-11-26', 185, 73),
(N'エクアドル', 1, 'GK', N'バンゲラ', N'バルセロナ・グアヤキル', '1985-12-16', 187, 85),
(N'エクアドル', 22, 'GK', N'ドミンゲス', N'LDUキト', '1987-06-05', 193, 80),
(N'エクアドル', 12, 'GK', N'ボネ', N'エル・ナシオナル', '1988-09-08', 188, 85),
(N'エクアドル', 10, 'DF', N'W・アジョビ', N'パチューカ（メキシコ）', '1979-08-11', 171, 68),
(N'エクアドル', 2, 'DF', N'グアグア', N'エメレック', '1981-09-28', 180, 68),
(N'エクアドル', 18, 'DF', N'バギ', N'エメレック', '1982-12-10', 172, 65),
(N'エクアドル', 21, 'DF', N'アチリエル', N'エメレック', '1985-03-24', 183, 80),
(N'エクアドル', 4, 'DF', N'パレデス', N'バルセロナ・グアヤキル', '1987-07-08', 174, 73),
(N'エクアドル', 3, 'DF', N'エラソ', N'フラメンゴ（ブラジル）', '1988-05-05', 190, 65),
(N'エクアドル', 8, 'MF', N'メンデス', N'インディペンディエンテ・サンタフェ', '1979-03-16', 178, 68),
(N'エクアドル', 14, 'MF', N'カスティージョ', N'アルヒラル（サウジアラビア）', '1982-05-15', 179, 75),
(N'エクアドル', 19, 'MF', N'サリタマ', N'バルセロナ・グアヤキル', '1983-10-20', 172, 67),
(N'エクアドル', 6, 'MF', N'ノボア', N'ディナモ・モスクワ（ロシア）', '1985-04-09', 183, 77),
(N'エクアドル', 16, 'MF', N'A・バレンシア', N'マンチェスターU（イングランド）', '1985-08-04', 178, 78),
(N'エクアドル', 15, 'MF', N'アロジョ', N'アトランテ（米国）', '1987-04-23', 172, 70),
(N'エクアドル', 5, 'MF', N'イバラ', N'フィテッセ（オランダ）', '1991-01-20', 174, 70),
(N'エクアドル', 23, 'MF', N'グルエソ', N'シュツットガルト（ドイツ）', '1995-04-19', 171, 67),
(N'エクアドル', 17, 'FW', N'J・アジョビ', N'ティフアナ（メキシコ）', '1988-02-21', 183, 75),
(N'エクアドル', 11, 'FW', N'カイセド', N'アルジャジーラ（UAE）', '1988-09-05', 185, 78),
(N'エクアドル', 9, 'FW', N'ロハス', N'クルスアスル（メキシコ）', '1989-06-14', 173, 68),
(N'エクアドル', 7, 'FW', N'モンテロ', N'モレリア（メキシコ）', '1989-09-01', 173, 70),
(N'エクアドル', 13, 'FW', N'E・バレンシア', N'パチューカ（メキシコ）', '1989-11-04', 174, 68),
(N'エクアドル', 20, 'FW', N'マルティネス', N'ティフアナ（メキシコ）', '1990-02-15', 180, 74),
(N'ホンジュラス', 18, 'GK', N'バジャダレス', N'オリンピア', '1977-05-03', 179, 82),
(N'ホンジュラス', 22, 'GK', N'エスコベル', N'オリンピア', '1981-02-03', 180, 76),
(N'ホンジュラス', 1, 'GK', N'ロペス', N'Rエスパーニャ', '1993-09-13', 182, 75),
(N'ホンジュラス', 5, 'DF', N'ベルナルデス', N'サンノゼ・アースクエイクス（米国）', '1982-05-24', 187, 86),
(N'ホンジュラス', 3, 'DF', N'フィゲロア', N'ハル（イングランド）', '1983-05-02', 182, 85),
(N'ホンジュラス', 2, 'DF', N'O・チャベス', N'青島中能（中国）', '1984-07-29', 187, 86),
(N'ホンジュラス', 4, 'DF', N'モンテス', N'モタグア', '1985-10-26', 191, 85),
(N'ホンジュラス', 21, 'DF', N'ベケレス', N'オリンピア', '1985-11-28', 186, 80),
(N'ホンジュラス', 7, 'DF', N'イザギレ', N'セルティック（スコットランド）', '1986-05-10', 177, 77),
(N'ホンジュラス', 14, 'DF', N'J・ガルシア', N'ウィガン（イングランド）', '1988-03-08', 180, 76),
(N'ホンジュラス', 10, 'MF', N'M・チャベス', N'コロラド・ラピッズ（米国）', '1983-11-03', 165, 69),
(N'ホンジュラス', 8, 'MF', N'W・パラシオス', N'ストーク（イングランド）', '1984-07-29', 178, 71),
(N'ホンジュラス', 14, 'MF', N'O・ガルシア', N'ヒューストン・ダイナモ（米国）', '1984-09-04', 175, 73),
(N'ホンジュラス', 20, 'MF', N'クラロス', N'モタグア', '1986-01-08', 176, 67),
(N'ホンジュラス', 15, 'MF', N'エスピノサ', N'ウィガン（イングランド）', '1986-10-25', 180, 73),
(N'ホンジュラス', 12, 'MF', N'デルガド', N'Rエスパーニャ', '1986-11-20', 175, 70),
(N'ホンジュラス', 23, 'MF', N'M・マルティネス', N'Rエスパーニャ', '1989-07-30', 173, 72),
(N'ホンジュラス', 19, 'MF', N'ガリド', N'オリンピア', '1990-11-05', 174, 73),
(N'ホンジュラス', 17, 'MF', N'ナハル', N'アンデルレヒト（ベルギー）', '1993-03-16', 171, 67),
(N'ホンジュラス', 9, 'FW', N'J・パラシオス', N'アラフエレンセ（コスタリカ）', '1982-05-13', 181, 84),
(N'ホンジュラス', 13, 'FW', N'コストリー', N'Rエスパーニャ', '1982-07-18', 190, 84),
(N'ホンジュラス', 11, 'FW', N'ベントソン', N'ニューイングランド・レボリューション（米国）', '1987-04-08', 187, 70),
(N'ホンジュラス', 16, 'FW', N'R・マルティネス', N'Rソシエダード（スペイン）', '1988-10-16', 180, 75),
(N'スイス', 1, 'GK', N'ベナリオ', N'ウォルフスブルク（ドイツ）', '1983-09-08', 194, 89),
(N'スイス', 12, 'GK', N'ゾマー', N'バーゼル', '1988-12-17', 183, 79),
(N'スイス', 21, 'GK', N'ビュルキ', N'グラスホッパー', '1990-11-14', 187, 83),
(N'スイス', 5, 'DF', N'フォンベルゲン', N'ヤングボーイズ', '1983-06-10', 183, 77),
(N'スイス', 21, 'DF', N'リヒトシュタイナー', N'ユベントス（イタリア）', '1984-01-16', 180, 75),
(N'スイス', 4, 'DF', N'センデロス', N'バレンシア（スペイン）', '1985-02-14', 190, 84),
(N'スイス', 3, 'DF', N'ツィーグラー', N'サッスオロ（イタリア）', '1986-01-16', 183, 79),
(N'スイス', 20, 'DF', N'ジュルー', N'ハンブルガーSV（ドイツ）', '1987-01-18', 191, 87),
(N'スイス', 6, 'DF', N'ラング', N'グラスホッパー', '1991-02-08', 185, 79),
(N'スイス', 22, 'DF', N'シェア', N'バーゼル', '1991-12-20', 186, 85),
(N'スイス', 13, 'DF', N'ロドリゲス', N'ウォルフスブルク（ドイツ）', '1992-08-25', 180, 78),
(N'スイス', 8, 'MF', N'インラー', N'ナポリ（イタリア）', '1984-06-27', 183, 80),
(N'スイス', 11, 'MF', N'ベーラミ', N'ナポリ（イタリア）', '1985-04-19', 184, 78),
(N'スイス', 7, 'MF', N'バルネッタ', N'フランクフルト（ドイツ）', '1985-05-22', 178, 68),
(N'スイス', 15, 'MF', N'ジェマイリ', N'ナポリ（イタリア）', '1986-04-12', 179, 73),
(N'スイス', 16, 'MF', N'フェルナンデス', N'フライブルク（ドイツ）', '1986-09-02', 183, 70),
(N'スイス', 23, 'MF', N'シャキリ', N'Bミュンヘン（ドイツ）', '1991-10-10', 169, 72),
(N'スイス', 10, 'MF', N'シャカ', N'ボルシアMG（ドイツ）', '1992-09-27', 185, 82),
(N'スイス', 14, 'MF', N'シュトッカー', N'バーゼル', '1989-04-12', 179, 73),
(N'スイス', 17, 'FW', N'ガブラノビッチ', N'チューリヒ', '1989-11-24', 175, 74),
(N'スイス', 18, 'FW', N'メーメディ', N'フライブルク（ドイツ）', '1991-03-16', 182, 76),
(N'スイス', 9, 'FW', N'セフェロビッチ', N'Rソシエダード（スペイン）', '1992-02-22', 185, 83),
(N'スイス', 19, 'FW', N'ドルミッチ', N'ニュルンベルク（ドイツ）', '1992-08-08', 182, 70),
(N'フランス', 23, 'GK', N'ランドロー', N'バスティア', '1979-05-14', 184, 85),
(N'フランス', 16, 'GK', N'ルフィエ', N'サンテティエンヌ', '1986-09-27', 184, 74),
(N'フランス', 1, 'GK', N'ロリス', N'トットナム（イングランド）', '1986-12-26', 188, 73),
(N'フランス', 3, 'DF', N'エブラ', N'マンチェスターU（イングランド）', '1981-05-15', 175, 76),
(N'フランス', 15, 'DF', N'サニャ', N'アーセナル（イングランド）', '1983-02-14', 176, 72),
(N'フランス', 2, 'DF', N'ドビュシー', N'ニューカッスル（イングランド）', '1985-07-28', 178, 78),
(N'フランス', 21, 'DF', N'コシールニ', N'アーセナル（イングランド）', '1985-09-10', 186, 75),
(N'フランス', 5, 'DF', N'サコ', N'リバプール（イングランド）', '1990-02-13', 187, 83),
(N'フランス', 13, 'DF', N'マンガラ', N'ポルト（ポルトガル）', '1991-02-13', 188, 81),
(N'フランス', 4, 'DF', N'バラン', N'Rマドリード（スペイン）', '1993-04-25', 191, 78),
(N'フランス', 17, 'DF', N'ディニュ', N'パリサンジェルマン', '1993-07-20', 178, 74),
(N'フランス', 12, 'MF', N'マブバ', N'リール', '1984-03-08', 172, 74),
(N'フランス', 8, 'MF', N'バルブエナ', N'マルセイユ', '1984-09-28', 167, 58),
(N'フランス', 6, 'MF', N'カバイ', N'パリサンジェルマン', '1986-01-14', 173, 73),
(N'フランス', 14, 'MF', N'マチュイディ', N'パリサンジェルマン', '1987-04-09', 175, 70),
(N'フランス', 18, 'MF', N'シソコ', N'ニューカッスル（イングランド）', '1989-08-16', 187, 88),
(N'フランス', 22, 'MF', N'シュネデルラン', N'サウサンプトン（イングランド）', '1989-11-08', 181, 75),
(N'フランス', 7, 'MF', N'カベラ', N'モンペリエ', '1990-03-08', 172, 66),
(N'フランス', 19, 'MF', N'ポグバ', N'ユベントス（イタリア）', '1993-03-15', 186, 80),
(N'フランス', 9, 'FW', N'ジルー', N'アーセナル（イングランド）', '1986-09-30', 192, 88),
(N'フランス', 20, 'FW', N'レミ', N'ニューカッスル（イングランド）', '1987-01-02', 185, 80),
(N'フランス', 10, 'FW', N'ベンゼマ', N'Rマドリード（スペイン）', '1987-12-19', 184, 84),
(N'フランス', 11, 'FW', N'グリーズマン', N'Rソシエダード（スペイン）', '1991-03-21', 176, 68),
(N'アルゼンチン', 12, 'GK', N'オリオン', N'ボカ・ジュニアーズ', '1981-07-26', 187, 85),
(N'アルゼンチン', 21, 'GK', N'アンドゥハル', N'カターニア（イタリア）', '1983-07-30', 194, 88),
(N'アルゼンチン', 1, 'GK', N'ロメロ', N'モナコ（フランス）', '1987-02-22', 192, 88),
(N'アルゼンチン', 3, 'DF', N'カンパニャロ', N'インテルミラノ（イタリア）', '1980-06-27', 181, 85),
(N'アルゼンチン', 15, 'DF', N'デミチェリス', N'マンチェスターC（イングランド）', '1980-12-20', 184, 80),
(N'アルゼンチン', 23, 'DF', N'バサンタ', N'モンテレイ（メキシコ）', '1984-04-03', 188, 78),
(N'アルゼンチン', 4, 'DF', N'サバレタ', N'マンチェスターC（イングランド）', '1985-01-16', 178, 76),
(N'アルゼンチン', 2, 'DF', N'ガライ', N'ベンフィカ（ポルトガル）', '1986-10-10', 192, 85),
(N'アルゼンチン', 17, 'DF', N'F・フェルナンデス', N'ナポリ（イタリア）', '1989-02-21', 189, 81),
(N'アルゼンチン', 16, 'DF', N'ロホ', N'スポルティング（ポルトガル）', '1990-03-20', 186, 82),
(N'アルゼンチン', 11, 'MF', N'ロドリゲス', N'ニューウェルス', '1981-01-02', 180, 74),
(N'アルゼンチン', 14, 'MF', N'マスケラーノ', N'バルセロナ（スペイン）', '1984-06-08', 174, 74),
(N'アルゼンチン', 6, 'MF', N'ビリア', N'ラツィオ（イタリア）', '1986-01-30', 178, 74),
(N'アルゼンチン', 8, 'MF', N'ペレス', N'ベンフィカ（ポルトガル）', '1986-02-22', 177, 77),
(N'アルゼンチン', 5, 'MF', N'ガゴ', N'ボカ・ジュニアーズ', '1986-04-10', 178, 70),
(N'アルゼンチン', 13, 'MF', N'A・フェルナンデス', N'セルタ（スペイン）', '1986-04-10', 177, 71),
(N'アルゼンチン', 7, 'MF', N'ディマリア', N'Rマドリード（スペイン）', '1988-02-14', 180, 75),
(N'アルゼンチン', 19, 'MF', N'アルバレス', N'インテルミラノ（イタリア）', '1988-04-12', 188, 84),
(N'アルゼンチン', 18, 'FW', N'パラシオ', N'インテルミラノ（イタリア）', '1982-02-05', 175, 70),
(N'アルゼンチン', 22, 'FW', N'ラベッシ', N'パリサンジェルマン（フランス）', '1985-05-03', 173, 75),
(N'アルゼンチン', 10, 'FW', N'メッシ', N'バルセロナ（スペイン）', '1987-06-24', 169, 67),
(N'アルゼンチン', 9, 'FW', N'イグアイン', N'ナポリ（イタリア）', '1987-12-10', 184, 82),
(N'アルゼンチン', 20, 'FW', N'アグエロ', N'マンチェスターC（イングランド）', '1988-06-02', 173, 70),
(N'ボスニア・ヘルツェゴビナ', 22, 'GK', N'アブドゥキッチ', N'バニャ・ルカ', '1981-05-13', 190, 89),
(N'ボスニア・ヘルツェゴビナ', 12, 'GK', N'フェイジッチ', N'アーレン（ドイツ）', '1986-05-15', 198, 95),
(N'ボスニア・ヘルツェゴビナ', 1, 'GK', N'ベゴビッチ', N'ストーク（イングランド）', '1987-06-20', 196, 83),
(N'ボスニア・ヘルツェゴビナ', 4, 'DF', N'スパヒッチ', N'レーバークーゼン（ドイツ）', '1980-08-18', 186, 77),
(N'ボスニア・ヘルツェゴビナ', 15, 'DF', N'スニッチ', N'ゾリャ・ルハンシク（ウクライナ）', '1988-12-15', 192, 80),
(N'ボスニア・ヘルツェゴビナ', 6, 'DF', N'ブラニェス', N'エラズースポル（トルコ）', '1989-10-24', 185, 83),
(N'ボスニア・ヘルツェゴビナ', 3, 'DF', N'ビチャクチッチ', N'ブラウンシュバイク（ドイツ）', '1990-01-24', 185, 83),
(N'ボスニア・ヘルツェゴビナ', 7, 'DF', N'ベシッチ', N'フェレンツバーロシュ（ハンガリー）', '1992-09-10', 180, 77),
(N'ボスニア・ヘルツェゴビナ', 5, 'DF', N'コラシナッツ', N'シャルケ（ドイツ）', '1993-06-20', 183, 82),
(N'ボスニア・ヘルツェゴビナ', 10, 'MF', N'ミシモビッチ', N'貴州人和（中国）', '1982-06-05', 180, 79),
(N'ボスニア・ヘルツェゴビナ', 13, 'MF', N'ムイジャ', N'フライブルク（ドイツ）', '1984-03-28', 185, 77),
(N'ボスニア・ヘルツェゴビナ', 23, 'MF', N'サリホビッチ', N'ホッフェンハイム（ドイツ）', '1984-10-08', 182, 79),
(N'ボスニア・ヘルツェゴビナ', 18, 'MF', N'メドゥニャニン', N'ガジアンテプスポル（トルコ）', '1985-03-08', 188, 83),
(N'ボスニア・ヘルツェゴビナ', 17, 'MF', N'イブリチッチ', N'カイセリ・エルジーエススポル（トルコ）', '1985-09-26', 181, 80),
(N'ボスニア・ヘルツェゴビナ', 16, 'MF', N'ルリッチ', N'ラツィオ（イタリア）', '1986-01-18', 183, 75),
(N'ボスニア・ヘルツェゴビナ', 2, 'MF', N'ブルシャイエビッチ', N'ハイデュク・スプリト（クロアチア）', '1986-03-06', 179, 73),
(N'ボスニア・ヘルツェゴビナ', 21, 'MF', N'ハジッチ', N'グラーツ（オーストリア）', '1989-08-16', 184, 73),
(N'ボスニア・ヘルツェゴビナ', 19, 'MF', N'ビシュチャ', N'イスタンブール（トルコ）', '1990-02-17', 172, 68),
(N'ボスニア・ヘルツェゴビナ', 8, 'MF', N'ピャニッチ', N'ローマ（イタリア）', '1990-04-02', 180, 68),
(N'ボスニア・ヘルツェゴビナ', 20, 'MF', N'ハイロビッチ', N'ガラタサライ（トルコ）', '1991-08-04', 177, 83),
(N'ボスニア・ヘルツェゴビナ', 14, 'MF', N'スシッチ', N'ハイデュク・スプリト（クロアチア）', '1992-02-13', 186, 77),
(N'ボスニア・ヘルツェゴビナ', 9, 'FW', N'イビシェビッチ', N'シュツットガルト（ドイツ）', '1984-08-06', 188, 82),
(N'ボスニア・ヘルツェゴビナ', 11, 'FW', N'ジェコ', N'マンチェスターC（イングランド）', '1986-03-17', 193, 84),
(N'イラン', 1, 'GK', N'アハマディ', N'セパハン', '1980-07-30', 184, 77),
(N'イラン', 22, 'GK', N'ダバリ', N'ブラウンシュバイク（ドイツ）', '1988-01-06', 192, 85),
(N'イラン', 12, 'GK', N'A・ハギギ', N'コビリャン（ポルトガル）', '1988-05-02', 193, 87),
(N'イラン', 5, 'DF', N'サデギ', N'エステグラル', '1981-09-06', 188, 78),
(N'イラン', 4, 'DF', N'ホセイニ', N'ペルセポリス', '1982-02-03', 184, 80),
(N'イラン', 17, 'DF', N'アルナメ', N'ナフト・テヘラン', '1982-10-20', 186, 78),
(N'イラン', 15, 'DF', N'モンタゼリ', N'ウムサラル（カタール）', '1983-09-06', 186, 80),
(N'イラン', 0, 'DF', N'ヘイダリ', N'エステグラル', '1983-09-14', 182, 61),
(N'イラン', 19, 'DF', N'ベイクザデ', N'エステグラル', '1984-01-22', 189, 78),
(N'イラン', 13, 'DF', N'マヒニ', N'ペルセポリス', '1986-09-16', 170, 64),
(N'イラン', 20, 'DF', N'ベイタシュル', N'ホワイトキャップス（カナダ）', '1987-02-01', 178, 77),
(N'イラン', 23, 'DF', N'プーラディ', N'ペルセポリス', '1987-02-26', 181, 74),
(N'イラン', 6, 'MF', N'ネクナム', N'アルクウェート（クウェート）', '1980-09-07', 186, 78),
(N'イラン', 14, 'MF', N'ティモリアン', N'エステグラル', '1983-03-06', 180, 73),
(N'イラン', 11, 'MF', N'ハダディファル', N'ゾバハン', '1983-07-12', 180, 78),
(N'イラン', 8, 'MF', N'R・ハギギ', N'ペルセポリス', '1989-02-01', 191, 80),
(N'イラン', 3, 'MF', N'ハジサフィ', N'セパハン', '1990-02-25', 168, 65),
(N'イラン', 18, 'MF', N'ラハマニ', N'フーラド', '1991-09-23', 178, 75),
(N'イラン', 7, 'FW', N'ショジャエイ', N'ラスパルマス（スペイン）', '1984-06-09', 184, 75),
(N'イラン', 21, 'FW', N'デヤガ', N'フラム（イングランド）', '1986-07-05', 181, 79),
(N'イラン', 16, 'FW', N'グーチャンネジャド', N'チャールトン（イングランド）', '1987-09-20', 180, 77),
(N'イラン', 10, 'FW', N'アンサリファルド', N'トラークトゥール', '1990-04-03', 175, 77),
(N'イラン', 9, 'FW', N'ジャハンバフシュ', N'NEC（オランダ）', '1993-08-11', 180, 78),
(N'ナイジェリア', 1, 'GK', N'エニェアマ', N'リール（フランス）', '1982-08-29', 182, 87),
(N'ナイジェリア', 16, 'GK', N'エジデ', N'ハポエル（イスラエル）', '1984-04-08', 188, 90),
(N'ナイジェリア', 21, 'GK', N'アグビム', N'ゴンベ', '1984-11-28', 187, 83),
(N'ナイジェリア', 2, 'DF', N'ヨボ', N'ノリッジ（イングランド）', '1980-09-06', 185, 76),
(N'ナイジェリア', 5, 'DF', N'アンブローズ', N'セルティック（スコットランド）', '1988-10-18', 190, 70),
(N'ナイジェリア', 6, 'DF', N'エグウエクウェ', N'ウォリ・ウルブス', '1989-07-16', 195, 91),
(N'ナイジェリア', 13, 'DF', N'オシャニワ', N'アシドッド（イスラエル）', '1990-09-14', 176, 69),
(N'ナイジェリア', 14, 'DF', N'オボアボナ', N'リゼスポル（トルコ）', '1990-09-16', 186, 82),
(N'ナイジェリア', 12, 'DF', N'オドゥンラミ', N'サンシャイン・スターズ', '1991-04-30', 187, 70),
(N'ナイジェリア', 22, 'DF', N'オメルオ', N'ミドルスブラ（イングランド）', '1993-10-17', 185, 81),
(N'ナイジェリア', 10, 'MF', N'ミケル', N'チェルシー（イングランド）', '1987-04-22', 188, 83),
(N'ナイジェリア', 3, 'MF', N'ウゾエニ', N'エヌグ・レンジャーズ', '1988-03-23', 168, 63),
(N'ナイジェリア', 20, 'MF', N'ウチェボ', N'セルクルブリュージュ（ベルギー）', '1990-02-03', 194, 86),
(N'ナイジェリア', 4, 'MF', N'ガブリエル', N'ベヘレン（ベルギー）', '1990-09-25', 195, 80),
(N'ナイジェリア', 15, 'MF', N'モーゼス', N'ベヘレン（ベルギー）イングランド）', '1990-12-12', 179, 73),
(N'ナイジェリア', 15, 'MF', N'アジーズ', N'アルメリア（スペイン）', '1992-12-12', 169, 67),
(N'ナイジェリア', 17, 'MF', N'オナジ', N'ラツィオ（イタリア）', '1992-12-25', 173, 73),
(N'ナイジェリア', 8, 'FW', N'オデムウィンジ', N'ストーク（イングランド）', '1981-07-15', 181, 78),
(N'ナイジェリア', 23, 'FW', N'アメオビ', N'ニューカッスル（イングランド）', '1981-10-12', 191, 95),
(N'ナイジェリア', 9, 'FW', N'エメニケ', N'フェネルバフチェ（トルコ）', '1987-05-10', 182, 75),
(N'ナイジェリア', 19, 'FW', N'ヌウォフォー', N'ヘーレンフェイン（オランダ）', '1991-09-17', 183, 73),
(N'ナイジェリア', 7, 'FW', N'ムサ', N'CSKAモスクワ（ロシア）', '1992-10-14', 168, 69),
(N'ナイジェリア', 18, 'FW', N'ババトゥンデ', N'ボリン・ルーツィク（ウクライナ）', '1992-12-24', 179, 76),
(N'ドイツ', 22, 'GK', N'ワイデンフェラー', N'ドルトムント', '1980-08-06', 188, 85),
(N'ドイツ', 1, 'GK', N'ノイアー', N'Bミュンヘン', '1986-03-27', 193, 92),
(N'ドイツ', 12, 'GK', N'ツィーラー', N'ハノーバー', '1989-02-12', 188, 83),
(N'ドイツ', 16, 'DF', N'ラーム', N'Bミュンヘン', '1983-11-11', 170, 66),
(N'ドイツ', 17, 'DF', N'メルテザッカー', N'アーセナル（イングランド）', '1984-09-29', 198, 90),
(N'ドイツ', 4, 'DF', N'ヘベデス', N'シャルケ', '1988-02-29', 187, 80),
(N'ドイツ', 2, 'DF', N'グロスクロイツ', N'ドルトムント', '1988-07-19', 186, 72),
(N'ドイツ', 20, 'DF', N'ボアテング', N'Bミュンヘン', '1988-09-03', 192, 90),
(N'ドイツ', 5, 'DF', N'フンメルス', N'ドルトムント', '1988-12-16', 192, 90),
(N'ドイツ', 21, 'DF', N'ムスタフィ', N'サンプドリア（イタリア）', '1992-04-17', 184, 82),
(N'ドイツ', 15, 'DF', N'ドゥルム', N'ドルトムント', '1992-05-12', 183, 73),
(N'ドイツ', 7, 'MF', N'シュバインシュタイガー', N'Bミュンヘン', '1984-08-01', 183, 79),
(N'ドイツ', 10, 'MF', N'ポドルスキ', N'アーセナル（イングランド）', '1985-06-04', 182, 83),
(N'ドイツ', 6, 'MF', N'ケディラ', N'Rマドリード（スペイン）', '1987-04-04', 189, 81),
(N'ドイツ', 8, 'MF', N'エジル', N'アーセナル（イングランド）', '1988-10-15', 183, 76),
(N'ドイツ', 13, 'MF', N'ミュラー', N'Bミュンヘン', '1989-09-13', 186, 75),
(N'ドイツ', 18, 'MF', N'クロース', N'Bミュンヘン', '1990-01-04', 182, 78),
(N'ドイツ', 9, 'MF', N'シュルレ', N'チェルシー（イングランド）', '1990-11-06', 184, 74),
(N'ドイツ', 23, 'MF', N'クラマー', N'ボルシアMG', '1991-02-19', 189, 82),
(N'ドイツ', 19, 'MF', N'ゲッツェ', N'Bミュンヘン', '1992-06-03', 176, 64),
(N'ドイツ', 14, 'MF', N'ドラクスラー', N'シャルケ', '1993-09-20', 185, 74),
(N'ドイツ', 3, 'MF', N'ギンター', N'フライブルク', '1994-01-19', 188, 85),
(N'ドイツ', 11, 'FW', N'クローゼ', N'ラツィオ（イタリア）', '1978-06-09', 184, 84),
(N'ポルトガル', 22, 'GK', N'ベト', N'セビリア（スペイン）', '1982-05-01', 182, 81),
(N'ポルトガル', 1, 'GK', N'エドゥアルド', N'ブラガ', '1982-09-19', 187, 84),
(N'ポルトガル', 12, 'GK', N'ルイパトリシオ', N'スポルティング', '1988-02-15', 190, 85),
(N'ポルトガル', 13, 'DF', N'コスタ', N'バレンシア（スペイン）', '1981-05-16', 183, 80),
(N'ポルトガル', 2, 'DF', N'アルベス', N'フェネルバフチェ（トルコ）', '1981-11-27', 188, 83),
(N'ポルトガル', 3, 'DF', N'ペペ', N'Rマドリード（スペイン）', '1983-02-26', 188, 81),
(N'ポルトガル', 21, 'DF', N'ペレイラ', N'バレンシア（スペイン）', '1984-02-25', 172, 70),
(N'ポルトガル', 5, 'DF', N'コエントラン', N'Rマドリード（スペイン）', '1988-03-11', 179, 70),
(N'ポルトガル', 14, 'DF', N'ネト', N'ゼニト（ロシア）', '1988-05-26', 187, 71),
(N'ポルトガル', 19, 'DF', N'A・アルメイダ', N'ベンフィカ', '1990-09-10', 186, 75),
(N'ポルトガル', 16, 'MF', N'メイレレス', N'フェネルバフチェ（トルコ）', '1983-03-17', 180, 70),
(N'ポルトガル', 20, 'MF', N'アモリン', N'ベンフィカ', '1985-01-27', 180, 78),
(N'ポルトガル', 4, 'MF', N'ベロゾ', N'ディナモ・キエフ（ウクライナ）', '1986-05-11', 180, 78),
(N'ポルトガル', 8, 'MF', N'モウティーニョ', N'モナコ（フランス）', '1986-09-08', 170, 61),
(N'ポルトガル', 6, 'MF', N'カルバリョ', N'スポルティング', '1992-04-07', 187, 87),
(N'ポルトガル', 23, 'FW', N'ポスティガ', N'ラツィオ（イタリア）', '1982-08-02', 182, 74),
(N'ポルトガル', 9, 'FW', N'H・アルメイダ', N'ベシクタシュ（トルコ）', '1984-05-23', 191, 86),
(N'ポルトガル', 18, 'FW', N'バレラ', N'ポルト', '1985-02-02', 179, 79),
(N'ポルトガル', 7, 'FW', N'C・ロナルド', N'Rマドリード（スペイン）', '1985-02-05', 185, 80),
(N'ポルトガル', 10, 'FW', N'ビエイリーニャ', N'ウォルフスブルク（ドイツ）', '1986-01-24', 172, 73),
(N'ポルトガル', 17, 'FW', N'ナニ', N'マンチェスターU（イングランド）', '1986-11-17', 175, 66),
(N'ポルトガル', 11, 'FW', N'エデル', N'ブラガ', '1987-12-22', 188, 81),
(N'ポルトガル', 15, 'FW', N'ラファ', N'ブラガ', '1993-05-17', 170, 66),
(N'米国', 1, 'GK', N'ハワード', N'エバートン（イングランド）', '1979-03-06', 187, 88),
(N'米国', 22, 'GK', N'リマンド', N'レアル・ソルトレーク（米国）', '1979-06-17', 180, 82),
(N'米国', 12, 'GK', N'グザン', N'アストンビラ（イングランド）', '1984-09-09', 193, 95),
(N'米国', 7, 'DF', N'ビーズリー', N'プエブラ（メキシコ）', '1982-05-24', 173, 66),
(N'米国', 20, 'DF', N'キャメロン', N'ストーク（イングランド）', '1985-07-11', 190, 84),
(N'米国', 5, 'DF', N'ベスラー', N'スポルティング・カンザスシティ（米国）', '1987-02-11', 183, 77),
(N'米国', 23, 'DF', N'ジョンソン', N'ホッフェンハイム（ドイツ）', '1987-12-11', 183, 74),
(N'米国', 3, 'DF', N'ゴンザレス', N'LAギャラクシー（米国）', '1988-10-11', 196, 93),
(N'米国', 21, 'DF', N'チャンドラー', N'ニュルンベルク（ドイツ）', '1990-03-29', 186, 83),
(N'米国', 6, 'DF', N'ブルックス', N'ヘルタ（ドイツ）', '1993-01-28', 193, 78),
(N'米国', 2, 'DF', N'イエドリン', N'シアトル（米国）', '1993-07-09', 173, 68),
(N'米国', 13, 'MF', N'ジョーンズ', N'ベシクタシュ（トルコ）', '1981-11-03', 184, 81),
(N'米国', 14, 'MF', N'デービス', N'ヒューストン・ダイナモ（米国）', '1981-11-08', 180, 75),
(N'米国', 15, 'MF', N'ベッカーマン', N'レアル・ソルトレーク（米国）', '1982-04-23', 178, 75),
(N'米国', 19, 'MF', N'ズシ', N'スポルティング・カンザスシティ（米国）', '1986-08-18', 178, 73),
(N'米国', 11, 'MF', N'ベドヤ', N'ナント（フランス）', '1987-04-29', 178, 73),
(N'米国', 4, 'MF', N'ブラッドリー', N'トロント（米国）', '1987-07-31', 186, 81),
(N'米国', 10, 'MF', N'ディスケルード', N'ローゼンボリ（ノルウェー）', '1990-10-02', 184, 71),
(N'米国', 16, 'MF', N'グリーン', N'Bミュンヘン（ドイツ）', '1995-06-06', 172, 60),
(N'米国', 18, 'FW', N'ウォンドロウスキ', N'サンノゼ・アースクエイクス（米国）', '1983-01-28', 183, 75),
(N'米国', 8, 'FW', N'デンプシー', N'シアトル・サウンダーズ（米国）', '1983-03-09', 185, 77),
(N'米国', 17, 'FW', N'アルティドア', N'サンダーランド（イングランド）', '1989-11-06', 185, 72),
(N'米国', 9, 'FW', N'ヨハンソン', N'AZ（オランダ）', '1990-11-10', 184, 70),
(N'ガーナ', 16, 'GK', N'ダウダ', N'オーランド（南アフリカ）', '1985-04-06', 180, 80),
(N'ガーナ', 12, 'GK', N'クワラシー', N'ストレームスゴトセト（ノルウェー）', '1987-12-12', 187, 81),
(N'ガーナ', 1, 'GK', N'アダムス', N'アドゥアナ', '1989-09-28', 186, 78),
(N'ガーナ', 23, 'DF', N'アフル', N'エスペランス（チュニジア）', '1986-07-24', 170, 68),
(N'ガーナ', 21, 'DF', N'ボイエ', N'レンヌ（フランス）', '1987-04-23', 185, 72),
(N'ガーナ', 2, 'DF', N'インコーム', N'プラタニアス（ギリシャ）', '1989-06-01', 179, 75),
(N'ガーナ', 19, 'DF', N'メンサ', N'エビアン（フランス）', '1990-07-13', 188, 83),
(N'ガーナ', 4, 'DF', N'オパレ', N'スタンダール（ベルギー）', '1990-10-18', 175, 73),
(N'ガーナ', 15, 'DF', N'スマイラ', N'サンダウンズ（南アフリカ）', '1992-12-18', 196, 80),
(N'ガーナ', 5, 'MF', N'エシエン', N'ACミラン（イタリア）', '1982-12-03', 177, 85),
(N'ガーナ', 11, 'MF', N'ムンタリ', N'ACミラン（イタリア）', '1984-08-27', 179, 76),
(N'ガーナ', 9, 'MF', N'ボアテング', N'シャルケ（ドイツ）', '1987-03-06', 185, 86),
(N'ガーナ', 14, 'MF', N'アドマ', N'ミドルスブラ（イングランド）', '1987-12-13', 185, 74),
(N'ガーナ', 20, 'MF', N'アサモア', N'ユベントス（イタリア）', '1988-12-09', 178, 78),
(N'ガーナ', 10, 'MF', N'A・アユー', N'マルセイユ（フランス）', '1989-12-17', 176, 72),
(N'ガーナ', 17, 'MF', N'モハメド', N'クバン（ロシア）', '1989-12-31', 187, 74),
(N'ガーナ', 22, 'MF', N'ワカソ', N'ルビン（ロシア）', '1990-07-25', 171, 66),
(N'ガーナ', 8, 'MF', N'アグエマングバドゥ', N'ウディネーゼ（イタリア）', '1990-12-02', 172, 71),
(N'ガーナ', 7, 'MF', N'アツ', N'フィテッセ（オランダ）', '1992-01-10', 172, 68),
(N'ガーナ', 6, 'MF', N'アックア', N'パルマ（イタリア）', '1992-05-01', 179, 70),
(N'ガーナ', 3, 'FW', N'ジャン', N'アルアイン（UAE）', '1985-11-22', 180, 80),
(N'ガーナ', 13, 'FW', N'J・アユー', N'ソショー（フランス）', '1991-09-11', 182, 80),
(N'ガーナ', 18, 'FW', N'ワリス', N'バランシエンヌ（フランス）', '1991-09-19', 172, 72),
(N'ベルギー', 13, 'GK', N'ボッシュ', N'ワーレゲム', '1985-08-11', 187, 73),
(N'ベルギー', 12, 'GK', N'ミニョレ', N'リバプール（イングランド）', '1988-03-06', 193, 87),
(N'ベルギー', 1, 'GK', N'クルトワ', N'Aマドリード（スペイン）', '1992-05-11', 199, 91),
(N'ベルギー', 15, 'DF', N'バンビュイテン', N'Bミュンヘン（ドイツ）', '1978-02-07', 197, 95),
(N'ベルギー', 18, 'DF', N'ロンバルツ', N'ゼニト（ロシア）', '1985-03-20', 188, 83),
(N'ベルギー', 23, 'DF', N'シマン', N'スタンダール', '1985-08-05', 184, 70),
(N'ベルギー', 5, 'DF', N'フェルマーレン', N'アーセナル（イングランド）', '1985-11-14', 180, 75),
(N'ベルギー', 4, 'DF', N'コンパニー', N'マンチェスターC（イングランド）', '1986-04-10', 190, 85),
(N'ベルギー', 5, 'DF', N'フェルトンゲン', N'トットナム（イングランド）', '1987-04-24', 189, 86),
(N'ベルギー', 21, 'DF', N'バンデンボレ', N'アンデルレヒト', '1987-10-24', 182, 89),
(N'ベルギー', 2, 'DF', N'アルデルウェイレルト', N'Aマドリード（スペイン）', '1989-03-02', 187, 80),
(N'ベルギー', 19, 'MF', N'デンベレ', N'トットナム（イングランド）', '1987-07-16', 185, 82),
(N'ベルギー', 8, 'MF', N'フェライニ', N'マンチェスターU（イングランド）', '1987-11-22', 194, 85),
(N'ベルギー', 16, 'MF', N'デフール', N'ポルト（ポルトガル）', '1988-04-15', 174, 70),
(N'ベルギー', 6, 'MF', N'ウィツェル', N'ゼニト（ロシア）', '1989-01-12', 186, 73),
(N'ベルギー', 22, 'MF', N'シャドリ', N'トットナム（イングランド）', '1989-09-02', 187, 80),
(N'ベルギー', 7, 'MF', N'デブルイネ', N'ウォルフスブルク（ドイツ）', '1991-06-28', 181, 68),
(N'ベルギー', 14, 'FW', N'メルテンス', N'ナポリ（イタリア）', '1987-05-06', 169, 61),
(N'ベルギー', 11, 'FW', N'ミララス', N'エバートン（イングランド）', '1987-10-05', 179, 68),
(N'ベルギー', 10, 'FW', N'アザール', N'チェルシー（イングランド）', '1991-01-07', 173, 74),
(N'ベルギー', 9, 'FW', N'ルカク', N'エバートン（イングランド）', '1993-05-13', 190, 100),
(N'ベルギー', 20, 'FW', N'ヤヌザイ', N'マンチェスターU（イングランド）', '1995-02-05', 180, 75),
(N'ベルギー', 17, 'FW', N'オリジ', N'リール（フランス）', '1995-03-18', 185, 75),
(N'ロシア', 16, 'GK', N'ルイジコフ', N'ルビン', '1980-09-19', 194, 92),
(N'ロシア', 1, 'GK', N'アキンフェーフ', N'CSKAモスクワ', '1986-04-08', 186, 82),
(N'ロシア', 12, 'GK', N'ロドイギン', N'ゼニト', '1990-05-26', 187, 82),
(N'ロシア', 4, 'DF', N'イグナシェビッチ', N'CSKAモスクワ', '1979-07-14', 186, 84),
(N'ロシア', 14, 'DF', N'ベレズツキ', N'CSKAモスクワ', '1982-06-20', 189, 87),
(N'ロシア', 22, 'DF', N'エシュチェンコ', N'アンジ', '1984-02-09', 176, 77),
(N'ロシア', 2, 'DF', N'コズロフ', N'ディナモ・モスクワ', '1986-12-25', 186, 78),
(N'ロシア', 23, 'DF', N'コンバロフ', N'スパルタク・モスクワ', '1987-01-22', 181, 72),
(N'ロシア', 13, 'DF', N'グラナト', N'ディナモ・モスクワ', '1987-05-22', 184, 80),
(N'ロシア', 5, 'DF', N'セメノフ', N'テレク', '1989-03-24', 190, 86),
(N'ロシア', 3, 'DF', N'シェンニコフ', N'CSKAモスクワ', '1991-04-27', 178, 71),
(N'ロシア', 18, 'MF', N'ジルコフ', N'ディナモ・モスクワ', '1983-08-20', 180, 75),
(N'ロシア', 7, 'MF', N'デニソフ', N'ディナモ・モスクワ', '1984-05-17', 176, 70),
(N'ロシア', 19, 'MF', N'サメドフ', N'クラスノダール', '1984-07-19', 177, 75),
(N'ロシア', 20, 'MF', N'ファイズリン', N'ゼニト', '1986-04-22', 176, 72),
(N'ロシア', 8, 'MF', N'グルシャコフ', N'スパルタク・モスクワ', '1987-01-27', 182, 80),
(N'ロシア', 21, 'MF', N'イオノフ', N'ディナモ・モスクワ', '1989-02-18', 177, 69),
(N'ロシア', 10, 'MF', N'ジャゴエフ', N'CSKAモスクワ', '1990-06-17', 179, 75),
(N'ロシア', 17, 'MF', N'シャトフ', N'ゼニト', '1990-07-29', 173, 73),
(N'ロシア', 15, 'MF', N'モギレベツ', N'ルビン', '1993-01-25', 183, 70),
(N'ロシア', 11, 'FW', N'ケルジャコフ', N'ゼニト', '1982-11-27', 176, 76),
(N'ロシア', 9, 'FW', N'ココリン', N'ディナモ・モスクワ', '1991-03-19', 183, 77),
(N'ロシア', 6, 'FW', N'カヌンニコフ', N'アムカル', '1991-07-14', 183, 74),
(N'アルジェリア', 1, 'GK', N'シモハメド', N'CSコンスタチヌ', '1985-01-09', 183, 78),
(N'アルジェリア', 16, 'GK', N'ゼマムーシュ', N'USMアルジェ', '1985-03-19', 186, 82),
(N'アルジェリア', 23, 'GK', N'エムボリ', N'CSKAソフィア（ブルガリア）', '1986-04-25', 190, 83),
(N'アルジェリア', 2, 'DF', N'ブゲラ', N'レクウィヤ（カタール）', '1982-10-07', 190, 93),
(N'アルジェリア', 22, 'DF', N'モスタファ', N'アジャクシオ（フランス）', '1983-08-30', 181, 82),
(N'アルジェリア', 6, 'DF', N'メスバハ', N'リボルノ（イタリア）', '1984-10-09', 181, 74),
(N'アルジェリア', 12, 'DF', N'メジャニ', N'バランシエンヌ（フランス）', '1985-05-15', 183, 84),
(N'アルジェリア', 5, 'DF', N'ハリシェ', N'コインブラ（ポルトガル）', '1986-09-02', 187, 77),
(N'アルジェリア', 17, 'DF', N'カダムロ', N'マジョルカ（スペイン）', '1988-03-05', 188, 81),
(N'アルジェリア', 4, 'DF', N'ベルカレム', N'ワトフォード（イングランド）', '1989-01-01', 195, 90),
(N'アルジェリア', 3, 'DF', N'グラム', N'ナポリ（イタリア）', '1991-02-01', 186, 80),
(N'アルジェリア', 20, 'DF', N'マンディ', N'ランス（フランス）', '1991-10-22', 184, 78),
(N'アルジェリア', 8, 'MF', N'ラセン', N'ヘタフェ（スペイン）', '1984-03-15', 176, 70),
(N'アルジェリア', 7, 'MF', N'イエブダ', N'ウディネーゼ（イタリア）', '1984-05-14', 187, 77),
(N'アルジェリア', 10, 'MF', N'フェグリ', N'バレンシア（スペイン）', '1989-12-26', 178, 71),
(N'アルジェリア', 11, 'MF', N'ブラヒミ', N'グラナダ（スペイン）', '1990-02-08', 175, 69),
(N'アルジェリア', 19, 'MF', N'タイデル', N'インテルミラノ（イタリア）', '1992-02-29', 180, 73),
(N'アルジェリア', 14, 'MF', N'ベンタレブ', N'トットナム（イングランド）', '1994-11-24', 187, 68),
(N'アルジェリア', 18, 'MF', N'ジャブ', N'クラブ・アフリカン（チュニジア）', '1987-01-31', 164, 58),
(N'アルジェリア', 15, 'FW', N'スダニ', N'ディナモ・ザグレブ（クロアチア）', '1987-11-25', 182, 75),
(N'アルジェリア', 13, 'FW', N'スリマニ', N'スポルティング（ポルトガル）', '1988-06-18', 188, 79),
(N'アルジェリア', 9, 'FW', N'ギラス', N'ポルト（ポルトガル）', '1990-04-20', 183, 85),
(N'アルジェリア', 21, 'FW', N'マレズ', N'レスター（イングランド）', '1991-02-21', 179, 61),
(N'韓国', 1, 'GK', N'チョン・ソンニョン', N'水原三星', '1985-01-04', 190, 90),
(N'韓国', 23, 'GK', N'イ・ボムヨン', N'釜山', '1989-04-02', 194, 90),
(N'韓国', 21, 'GK', N'キム・スンギュ', N'蔚山現代', '1990-09-30', 187, 80),
(N'韓国', 4, 'DF', N'カク・テヒ', N'アルヒラル（サウジアラビア）', '1981-07-08', 185, 80),
(N'韓国', 2, 'DF', N'キム・チャンス', N'柏（日本）', '1985-09-12', 179, 74),
(N'韓国', 12, 'DF', N'イ・ヨン', N'蔚山現代', '1986-12-24', 180, 74),
(N'韓国', 22, 'DF', N'パク・チュホ', N'マインツ（ドイツ）', '1987-01-16', 176, 71),
(N'韓国', 6, 'DF', N'ファン・ソッコ', N'広島（日本）', '1989-06-27', 183, 80),
(N'韓国', 20, 'DF', N'ホン・ジョンホ', N'アウクスブルク（ドイツ）', '1989-08-12', 186, 77),
(N'韓国', 3, 'DF', N'ユン・ソギョン', N'クイーンズパーク（イングランド）', '1990-02-13', 183, 74),
(N'韓国', 5, 'DF', N'キム・ヨングン', N'広州恒大（中国）', '1990-02-27', 187, 74),
(N'韓国', 8, 'MF', N'ハ・デソン', N'北京国安（中国）', '1985-03-02', 182, 73),
(N'韓国', 17, 'MF', N'イ・チョンヨン', N'ボルトン（イングランド）', '1988-07-02', 180, 69),
(N'韓国', 16, 'MF', N'キ・ソンヨン', N'サンダーランド（イングランド）', '1989-01-24', 187, 79),
(N'韓国', 15, 'MF', N'パク・チョンウ', N'広州富力（中国）', '1989-03-10', 180, 74),
(N'韓国', 7, 'MF', N'キム・ボギョン', N'カーディフ（ウェールズ）', '1989-10-06', 178, 73),
(N'韓国', 14, 'MF', N'ハン・グギョン', N'柏（日本）', '1990-04-19', 183, 74),
(N'韓国', 19, 'MF', N'チ・ドンウォン', N'アウクスブルク（ドイツ）', '1991-05-28', 187, 77),
(N'韓国', 9, 'MF', N'ソン・フンミン', N'レーバークーゼン（ドイツ）', '1992-07-08', 183, 76),
(N'韓国', 11, 'FW', N'イ・グノ', N'尚州尚武', '1985-04-11', 177, 75),
(N'韓国', 10, 'FW', N'パク・チュヨン', N'ワトフォード（中国）', '1985-07-10', 183, 72),
(N'韓国', 18, 'FW', N'キム・シンウク', N'蔚山現代', '1988-04-14', 196, 93),
(N'韓国', 13, 'FW', N'ク・ジャチョル', N'マインツ（ドイツ）', '1989-02-27', 182, 75),
(N'日本', 1, 'GK', N'川島', N'スタンダール', '1983-03-20', 185, 80),
(N'日本', 12, 'GK', N'西川', N'浦和', '1986-06-18', 183, 81),
(N'日本', 23, 'GK', N'権田', N'東京', '1989-03-03', 187, 85),
(N'日本', 15, 'DF', N'今野', N'G大阪', '1983-01-25', 178, 73),
(N'日本', 19, 'DF', N'伊野波', N'磐田', '1985-08-28', 179, 73),
(N'日本', 5, 'DF', N'長友', N'インテルミラノ', '1986-09-12', 170, 68),
(N'日本', 6, 'DF', N'森重', N'東京', '1987-05-21', 183, 74),
(N'日本', 2, 'DF', N'内田', N'シャルケ', '1988-03-27', 176, 67),
(N'日本', 22, 'DF', N'吉田', N'サウサンプトン', '1988-08-24', 189, 81),
(N'日本', 21, 'DF', N'酒井', N'ハノーバー', '1990-04-12', 184, 70),
(N'日本', 3, 'DF', N'酒井', N'シュツットガルト', '1991-03-14', 176, 74),
(N'日本', 7, 'MF', N'遠藤', N'G大阪', '1980-01-28', 178, 75),
(N'日本', 17, 'MF', N'長谷部', N'ニュルンベルク', '1984-01-18', 180, 72),
(N'日本', 14, 'MF', N'青山', N'広島', '1986-02-22', 174, 73),
(N'日本', 16, 'MF', N'山口', N'C大阪', '1990-10-06', 173, 72),
(N'日本', 13, 'FW', N'大久保', N'川崎F', '1982-06-09', 170, 73),
(N'日本', 9, 'FW', N'岡崎', N'マインツ', '1986-04-16', 174, 76),
(N'日本', 4, 'FW', N'本田', N'ACミラン', '1986-06-13', 182, 74),
(N'日本', 10, 'FW', N'香川', N'マンチェスターU', '1989-03-17', 172, 63),
(N'日本', 8, 'FW', N'清武', N'ニュルンベルク', '1989-11-12', 172, 66),
(N'日本', 11, 'FW', N'柿谷', N'C大阪', '1990-01-03', 177, 68),
(N'日本', 20, 'FW', N'斉藤', N'横浜', '1990-05-18', 182, 73),
(N'日本', 18, 'FW', N'大迫', N'1860ミュンヘン', '1990-05-18', 182, 73);